query,experiment,result_id,rank,final_score,semantic_score,keyword_score,hybrid_score,reranker_score,metadata_score
prompt for debugging Python code,minilm_semantic,pk_02512,1,0.2731529474258423,0.2731529474258423,0.0,0.2731529474258423,,
prompt for debugging Python code,minilm_semantic,pk_03855,2,0.2122730016708374,0.2122730016708374,0.0,0.2122730016708374,,
prompt for debugging Python code,minilm_semantic,pk_03805,3,0.19651806354522705,0.19651806354522705,0.0,0.19651806354522705,,
prompt for debugging Python code,minilm_semantic,pk_13771,4,0.18857091665267944,0.18857091665267944,0.0,0.18857091665267944,,
prompt for debugging Python code,minilm_semantic,pk_18500,5,0.1418290138244629,0.1418290138244629,0.0,0.1418290138244629,,
prompt for debugging Python code,minilm_semantic,pk_15432,6,0.13539326190948486,0.13539326190948486,0.0,0.13539326190948486,,
prompt for debugging Python code,minilm_semantic,pk_12307,7,0.12127834558486938,0.12127834558486938,0.0,0.12127834558486938,,
prompt for debugging Python code,minilm_semantic,pk_06356,8,0.11780279874801636,0.11780279874801636,0.0,0.11780279874801636,,
prompt for debugging Python code,minilm_semantic,pk_03708,9,0.09465682506561279,0.09465682506561279,0.0,0.09465682506561279,,
prompt for debugging Python code,minilm_semantic,pk_05431,10,0.09448659420013428,0.09448659420013428,0.0,0.09448659420013428,,
prompt for debugging Python code,minilm_semantic_reranker_minilm,pk_19093,1,1.0,0.04929083585739136,0.0,0.04929083585739136,1.0,
prompt for debugging Python code,minilm_semantic_reranker_minilm,pk_15432,2,0.9171821476905039,0.13539326190948486,0.0,0.13539326190948486,0.9171821476905039,
prompt for debugging Python code,minilm_semantic_reranker_minilm,pk_18500,3,0.9016104362044537,0.1418290138244629,0.0,0.1418290138244629,0.9016104362044537,
prompt for debugging Python code,minilm_semantic_reranker_minilm,pk_05431,4,0.8896519129620821,0.09448659420013428,0.0,0.09448659420013428,0.8896519129620821,
prompt for debugging Python code,minilm_semantic_reranker_minilm,pk_02512,5,0.8881991265365411,0.2731529474258423,0.0,0.2731529474258423,0.8881991265365411,
prompt for debugging Python code,minilm_semantic_reranker_minilm,pk_13036,6,0.8863603969422542,-0.1284775733947754,0.0,-0.1284775733947754,0.8863603969422542,
prompt for debugging Python code,minilm_semantic_reranker_minilm,pk_12307,7,0.885926103154413,0.12127834558486938,0.0,0.12127834558486938,0.885926103154413,
prompt for debugging Python code,minilm_semantic_reranker_minilm,pk_03855,8,0.8504758918755879,0.2122730016708374,0.0,0.2122730016708374,0.8504758918755879,
prompt for debugging Python code,minilm_semantic_reranker_minilm,pk_13611,9,0.8362654362809937,0.04870373010635376,0.0,0.04870373010635376,0.8362654362809937,
prompt for debugging Python code,minilm_semantic_reranker_minilm,pk_13771,10,0.8307534203470608,0.18857091665267944,0.0,0.18857091665267944,0.8307534203470608,
prompt for debugging Python code,minilm_semantic_reranker_tinybert,pk_03805,1,1.0,0.19651806354522705,0.0,0.19651806354522705,1.0,
prompt for debugging Python code,minilm_semantic_reranker_tinybert,pk_02512,2,0.9700045892495921,0.2731529474258423,0.0,0.2731529474258423,0.9700045892495921,
prompt for debugging Python code,minilm_semantic_reranker_tinybert,pk_15432,3,0.947934083515963,0.13539326190948486,0.0,0.13539326190948486,0.947934083515963,
prompt for debugging Python code,minilm_semantic_reranker_tinybert,pk_02577,4,0.9461017355352048,-0.024306535720825195,0.0,-0.024306535720825195,0.9461017355352048,
prompt for debugging Python code,minilm_semantic_reranker_tinybert,pk_13771,5,0.94424215372394,0.18857091665267944,0.0,0.18857091665267944,0.94424215372394,
prompt for debugging Python code,minilm_semantic_reranker_tinybert,pk_07588,6,0.9362751410153778,0.060787320137023926,0.0,0.060787320137023926,0.9362751410153778,
prompt for debugging Python code,minilm_semantic_reranker_tinybert,pk_05431,7,0.9290691043784737,0.09448659420013428,0.0,0.09448659420013428,0.9290691043784737,
prompt for debugging Python code,minilm_semantic_reranker_tinybert,pk_13611,8,0.9266145332009723,0.04870373010635376,0.0,0.04870373010635376,0.9266145332009723,
prompt for debugging Python code,minilm_semantic_reranker_tinybert,pk_19093,9,0.9079953219262223,0.04929083585739136,0.0,0.04929083585739136,0.9079953219262223,
prompt for debugging Python code,minilm_semantic_reranker_tinybert,pk_03855,10,0.8989112333545431,0.2122730016708374,0.0,0.2122730016708374,0.8989112333545431,
prompt for debugging Python code,minilm_semantic_reranker_metadata_minilm,pk_19093,1,0.9976893382931601,0.04929083585739136,0.0,0.04929083585739136,1.0,0.9845955886210672
prompt for debugging Python code,minilm_semantic_reranker_metadata_minilm,pk_02512,2,0.8851376391311446,0.2731529474258423,0.0,0.2731529474258423,0.8881991265365411,0.8677892105005645
prompt for debugging Python code,minilm_semantic_reranker_metadata_minilm,pk_13036,3,0.8437162026223537,-0.1284775733947754,0.0,-0.1284775733947754,0.8863603969422542,0.6020657681429173
prompt for debugging Python code,minilm_semantic_reranker_metadata_minilm,pk_15432,4,0.8263301425852723,0.13539326190948486,0.0,0.13539326190948486,0.9171821476905039,0.3115021136556272
prompt for debugging Python code,minilm_semantic_reranker_metadata_minilm,pk_13611,5,0.8040296372060549,0.04870373010635376,0.0,0.04870373010635376,0.8362654362809937,0.6213601091147358
prompt for debugging Python code,minilm_semantic_reranker_metadata_minilm,pk_13771,6,0.7967318092877332,0.18857091665267944,0.0,0.18857091665267944,0.8307534203470608,0.6039426799515442
prompt for debugging Python code,minilm_semantic_reranker_metadata_minilm,pk_12307,7,0.7707921842634675,0.12127834558486938,0.0,0.12127834558486938,0.885926103154413,0.11836664388144313
prompt for debugging Python code,minilm_semantic_reranker_metadata_minilm,pk_18500,8,0.769218309973519,0.1418290138244629,0.0,0.1418290138244629,0.9016104362044537,0.018996261331556102
prompt for debugging Python code,minilm_semantic_reranker_metadata_minilm,pk_05431,9,0.7666081563603,0.09448659420013428,0.0,0.09448659420013428,0.8896519129620821,0.06936020228353487
prompt for debugging Python code,minilm_semantic_reranker_metadata_minilm,pk_02577,10,0.7501708543291257,-0.024306535720825195,0.0,-0.024306535720825195,0.8141961908012494,0.3873606143204246
prompt for debugging Python code,minilm_semantic_reranker_metadata_tinybert,pk_02512,1,0.954672282437238,0.2731529474258423,0.0,0.2731529474258423,0.9700045892495921,0.8677892105005645
prompt for debugging Python code,minilm_semantic_reranker_metadata_tinybert,pk_19093,2,0.919485361930449,0.04929083585739136,0.0,0.04929083585739136,0.9079953219262223,0.9845955886210672
prompt for debugging Python code,minilm_semantic_reranker_metadata_tinybert,pk_03805,3,0.8986166447372563,0.19651806354522705,0.0,0.19651806354522705,1.0,0.3241109649150426
prompt for debugging Python code,minilm_semantic_reranker_metadata_tinybert,pk_13771,4,0.8931972326580807,0.18857091665267944,0.0,0.18857091665267944,0.94424215372394,0.6039426799515442
prompt for debugging Python code,minilm_semantic_reranker_metadata_tinybert,pk_13611,5,0.8808263695880367,0.04870373010635376,0.0,0.04870373010635376,0.9266145332009723,0.6213601091147358
prompt for debugging Python code,minilm_semantic_reranker_metadata_tinybert,pk_02577,6,0.8622905673529877,-0.024306535720825195,0.0,-0.024306535720825195,0.9461017355352048,0.3873606143204246
prompt for debugging Python code,minilm_semantic_reranker_metadata_tinybert,pk_07588,7,0.8560175768739389,0.060787320137023926,0.0,0.060787320137023926,0.9362751410153778,0.40122471340578514
prompt for debugging Python code,minilm_semantic_reranker_metadata_tinybert,pk_15432,8,0.8524692880369126,0.13539326190948486,0.0,0.13539326190948486,0.947934083515963,0.3115021136556272
prompt for debugging Python code,minilm_semantic_reranker_metadata_tinybert,pk_13036,9,0.8210438836415626,-0.1284775733947754,0.0,-0.1284775733947754,0.8596870804942647,0.6020657681429173
prompt for debugging Python code,minilm_semantic_reranker_metadata_tinybert,pk_06356,10,0.8064236089466135,0.11780279874801636,0.0,0.11780279874801636,0.898727300253121,0.2833693582097373
prompt for debugging Python code,minilm_hybrid,pk_02512,1,0.9213900696214643,1.0,0.7379668987382145,0.9213900696214643,,
prompt for debugging Python code,minilm_hybrid,pk_03805,2,0.7734057766957484,0.7194433206640735,0.89931817410299,0.7734057766957484,,
prompt for debugging Python code,minilm_hybrid,pk_13771,3,0.7204191531937789,0.6903491923837803,0.7905823950837757,0.7204191531937789,,
prompt for debugging Python code,minilm_hybrid,pk_03855,4,0.7037054310076518,0.7771214027572115,0.5324014969253459,0.7037054310076518,,
prompt for debugging Python code,minilm_hybrid,pk_15432,5,0.5932166451055059,0.495668317641868,0.8208294091873275,0.5932166451055059,,
prompt for debugging Python code,minilm_hybrid,pk_18500,6,0.5015310175593547,0.519229300511091,0.46023502400530353,0.5015310175593547,,
prompt for debugging Python code,minilm_hybrid,pk_12307,7,0.4716555151993725,0.443994277666709,0.5361984027755873,0.4716555151993725,,
prompt for debugging Python code,minilm_hybrid,pk_06356,8,0.4330005976313517,0.4312704653498143,0.43703757295493906,0.4330005976313517,,
prompt for debugging Python code,minilm_hybrid,pk_05431,9,0.4076059867088242,0.3459109450971099,0.5515610838028243,0.4076059867088242,,
prompt for debugging Python code,minilm_hybrid,pk_03708,10,0.3793920413015478,0.3465341522309986,0.45606044913282934,0.3793920413015478,,
prompt for debugging Python code,minilm_hybrid_reranker_minilm,pk_19093,1,1.0,0.18045141493768146,0.7286357016833517,0.34490670096138254,1.0,
prompt for debugging Python code,minilm_hybrid_reranker_minilm,pk_07115,2,0.9537456643456911,0.0,0.5134190770964728,0.15402572312894183,0.9537456643456911,
prompt for debugging Python code,minilm_hybrid_reranker_minilm,pk_15432,3,0.939495302716011,0.495668317641868,0.8208294091873275,0.5932166451055059,0.939495302716011,
prompt for debugging Python code,minilm_hybrid_reranker_minilm,pk_18500,4,0.9281190574409393,0.519229300511091,0.46023502400530353,0.5015310175593547,0.9281190574409393,
prompt for debugging Python code,minilm_hybrid_reranker_minilm,pk_13661,5,0.9212253202841238,0.0,0.4374283957706716,0.13122851873120148,0.9212253202841238,
prompt for debugging Python code,minilm_hybrid_reranker_minilm,pk_05431,6,0.9193823865759564,0.3459109450971099,0.5515610838028243,0.4076059867088242,0.9193823865759564,
prompt for debugging Python code,minilm_hybrid_reranker_minilm,pk_02512,7,0.918320983209905,1.0,0.7379668987382145,0.9213900696214643,0.918320983209905,
prompt for debugging Python code,minilm_hybrid_reranker_minilm,pk_13036,8,0.9169777517514348,-0.47035030961785795,0.40416959348003256,-0.20799433868849082,0.9169777517514348,
prompt for debugging Python code,minilm_hybrid_reranker_minilm,pk_12307,9,0.9166604010587723,0.443994277666709,0.5361984027755873,0.4716555151993725,0.9166604010587723,
prompt for debugging Python code,minilm_hybrid_reranker_minilm,pk_07827,10,0.9127658052292515,0.0,0.4858816701107933,0.145764501033238,0.9127658052292515,
prompt for debugging Python code,minilm_hybrid_reranker_tinybert,pk_03805,1,1.0,0.7194433206640735,0.89931817410299,0.7734057766957484,1.0,
prompt for debugging Python code,minilm_hybrid_reranker_tinybert,pk_02512,2,0.9722633723066353,1.0,0.7379668987382145,0.9213900696214643,0.9722633723066353,
prompt for debugging Python code,minilm_hybrid_reranker_tinybert,pk_13783,3,0.9641117167215418,0.0,0.6146672510507165,0.18440017531521494,0.9641117167215418,
prompt for debugging Python code,minilm_hybrid_reranker_tinybert,pk_15432,4,0.9518549823816224,0.495668317641868,0.8208294091873275,0.5932166451055059,0.9518549823816224,
prompt for debugging Python code,minilm_hybrid_reranker_tinybert,pk_02577,5,0.9501606220058928,-0.08898507576025379,0.4630345147851864,0.07662080140337826,0.9501606220058928,
prompt for debugging Python code,minilm_hybrid_reranker_tinybert,pk_13771,6,0.9484410786825057,0.6903491923837803,0.7905823950837757,0.7204191531937789,0.9484410786825057,
prompt for debugging Python code,minilm_hybrid_reranker_tinybert,pk_07588,7,0.941074033346097,0.2225394992434667,0.6457956467577998,0.3495163434977666,0.941074033346097,
prompt for debugging Python code,minilm_hybrid_reranker_tinybert,pk_05431,8,0.9344106576817354,0.3459109450971099,0.5515610838028243,0.4076059867088242,0.9344106576817354,
prompt for debugging Python code,minilm_hybrid_reranker_tinybert,pk_13611,9,0.932140931523691,0.17830204859706386,0.5831599973281354,0.2997594332163853,0.932140931523691,
prompt for debugging Python code,minilm_hybrid_reranker_tinybert,pk_19093,10,0.9149238667834984,0.18045141493768146,0.7286357016833517,0.34490670096138254,0.9149238667834984,
prompt for debugging Python code,minilm_hybrid_reranker_metadata_minilm,pk_19093,1,0.9977201542117786,0.18045141493768146,0.7286357016833517,0.34490670096138254,1.0,0.984801028078524
prompt for debugging Python code,minilm_hybrid_reranker_metadata_minilm,pk_07115,2,0.953895996589145,0.0,0.5134190770964728,0.15402572312894183,0.9537456643456911,0.9547478793020505
prompt for debugging Python code,minilm_hybrid_reranker_metadata_minilm,pk_02512,3,0.9110056997838456,1.0,0.7379668987382145,0.9213900696214643,0.918320983209905,0.8695524270361757
prompt for debugging Python code,minilm_hybrid_reranker_metadata_minilm,pk_13036,4,0.8705370059775879,-0.47035030961785795,0.40416959348003256,-0.20799433868849082,0.9169777517514348,0.6073727799257886
prompt for debugging Python code,minilm_hybrid_reranker_metadata_minilm,pk_15432,5,0.8466736372780834,0.495668317641868,0.8208294091873275,0.5932166451055059,0.939495302716011,0.32068419979649426
prompt for debugging Python code,minilm_hybrid_reranker_metadata_minilm,pk_13611,6,0.8422840731680574,0.17830204859706386,0.5831599973281354,0.2997594332163853,0.8803795324742011,0.6264098037665768
prompt for debugging Python code,minilm_hybrid_reranker_metadata_minilm,pk_13771,7,0.8362833992539316,0.6903491923837803,0.7905823950837757,0.7204191531937789,0.8763525884493693,0.609224660479785
prompt for debugging Python code,minilm_hybrid_reranker_metadata_minilm,pk_14983,8,0.8313289364469771,0.0,0.4008248957109827,0.1202474687132948,0.8111673909422208,0.9455776943072635
prompt for debugging Python code,minilm_hybrid_reranker_metadata_minilm,pk_02940,9,0.8236026103982628,0.0,0.4194410344214025,0.12583231032642075,0.8522928860923089,0.6610243814653348
prompt for debugging Python code,minilm_hybrid_reranker_metadata_minilm,pk_07827,10,0.8179201050191017,0.0,0.4858816701107933,0.145764501033238,0.9127658052292515,0.2804611371615862
prompt for debugging Python code,minilm_hybrid_reranker_metadata_tinybert,pk_02512,1,0.9568567305160662,1.0,0.7379668987382145,0.9213900696214643,0.9722633723066353,0.8695524270361757
prompt for debugging Python code,minilm_hybrid_reranker_metadata_tinybert,pk_19093,2,0.9254054409777521,0.18045141493768146,0.7286357016833517,0.34490670096138254,0.9149238667834984,0.984801028078524
prompt for debugging Python code,minilm_hybrid_reranker_metadata_tinybert,pk_03805,3,0.8999687341477488,0.7194433206640735,0.89931817410299,0.7734057766957484,1.0,0.3331248943183254
prompt for debugging Python code,minilm_hybrid_reranker_metadata_tinybert,pk_13771,4,0.8975586159520976,0.6903491923837803,0.7905823950837757,0.7204191531937789,0.9484410786825057,0.609224660479785
prompt for debugging Python code,minilm_hybrid_reranker_metadata_tinybert,pk_07115,5,0.8910268541263294,0.0,0.5134190770964728,0.15402572312894183,0.879781967330614,0.9547478793020505
prompt for debugging Python code,minilm_hybrid_reranker_metadata_tinybert,pk_13611,6,0.8862812623601238,0.17830204859706386,0.5831599973281354,0.2997594332163853,0.932140931523691,0.6264098037665768
prompt for debugging Python code,minilm_hybrid_reranker_metadata_tinybert,pk_02577,7,0.8669661818295483,-0.08898507576025379,0.4630345147851864,0.07662080140337826,0.9501606220058928,0.3955310208302626
prompt for debugging Python code,minilm_hybrid_reranker_metadata_tinybert,pk_13783,8,0.8622963108207986,0.0,0.6146672510507165,0.18440017531521494,0.9641117167215418,0.28534234404992054
prompt for debugging Python code,minilm_hybrid_reranker_metadata_tinybert,pk_07588,9,0.8612944617470212,0.2225394992434667,0.6457956467577998,0.3495163434977666,0.941074033346097,0.40921022268559204
prompt for debugging Python code,minilm_hybrid_reranker_metadata_tinybert,pk_15432,10,0.857179364993853,0.495668317641868,0.8208294091873275,0.5932166451055059,0.9518549823816224,0.32068419979649426
prompt for debugging Python code,bge_small_semantic,pk_13771,1,0.5737370550632477,0.5737370550632477,0.0,0.5737370550632477,,
prompt for debugging Python code,bge_small_semantic,pk_03708,2,0.5701556503772736,0.5701556503772736,0.0,0.5701556503772736,,
prompt for debugging Python code,bge_small_semantic,pk_03805,3,0.5512877702713013,0.5512877702713013,0.0,0.5512877702713013,,
prompt for debugging Python code,bge_small_semantic,pk_07588,4,0.5470134317874908,0.5470134317874908,0.0,0.5470134317874908,,
prompt for debugging Python code,bge_small_semantic,pk_02261,5,0.5446900427341461,0.5446900427341461,0.0,0.5446900427341461,,
prompt for debugging Python code,bge_small_semantic,pk_06356,6,0.5387425422668457,0.5387425422668457,0.0,0.5387425422668457,,
prompt for debugging Python code,bge_small_semantic,pk_03855,7,0.5308237671852112,0.5308237671852112,0.0,0.5308237671852112,,
prompt for debugging Python code,bge_small_semantic,pk_10393,8,0.5259138643741608,0.5259138643741608,0.0,0.5259138643741608,,
prompt for debugging Python code,bge_small_semantic,pk_02512,9,0.5252190828323364,0.5252190828323364,0.0,0.5252190828323364,,
prompt for debugging Python code,bge_small_semantic,pk_03763,10,0.5232004523277283,0.5232004523277283,0.0,0.5232004523277283,,
prompt for debugging Python code,bge_small_semantic_reranker_minilm,pk_19093,1,1.0,0.46352940797805786,0.0,0.46352940797805786,1.0,
prompt for debugging Python code,bge_small_semantic_reranker_minilm,pk_07115,2,0.9628693557603316,0.45061755180358887,0.0,0.45061755180358887,0.9628693557603316,
prompt for debugging Python code,bge_small_semantic_reranker_minilm,pk_18500,3,0.9422975570009742,0.46081286668777466,0.0,0.46081286668777466,0.9422975570009742,
prompt for debugging Python code,bge_small_semantic_reranker_minilm,pk_02512,4,0.934432237735375,0.5252190828323364,0.0,0.5252190828323364,0.934432237735375,
prompt for debugging Python code,bge_small_semantic_reranker_minilm,pk_03855,5,0.9123087246940349,0.5308237671852112,0.0,0.5308237671852112,0.9123087246940349,
prompt for debugging Python code,bge_small_semantic_reranker_minilm,pk_13771,6,0.9007421037509887,0.5737370550632477,0.0,0.5737370550632477,0.9007421037509887,
prompt for debugging Python code,bge_small_semantic_reranker_minilm,pk_06356,7,0.8967394448701856,0.5387425422668457,0.0,0.5387425422668457,0.8967394448701856,
prompt for debugging Python code,bge_small_semantic_reranker_minilm,pk_07189,8,0.8864942575745158,0.45948243141174316,0.0,0.45948243141174316,0.8864942575745158,
prompt for debugging Python code,bge_small_semantic_reranker_minilm,pk_03805,9,0.8853820369560385,0.5512877702713013,0.0,0.5512877702713013,0.8853820369560385,
prompt for debugging Python code,bge_small_semantic_reranker_minilm,pk_07588,10,0.8566397046534484,0.5470134317874908,0.0,0.5470134317874908,0.8566397046534484,
prompt for debugging Python code,bge_small_semantic_reranker_tinybert,pk_03805,1,1.0,0.5512877702713013,0.0,0.5512877702713013,1.0,
prompt for debugging Python code,bge_small_semantic_reranker_tinybert,pk_02512,2,0.9753583787575867,0.5252190828323364,0.0,0.5252190828323364,0.9753583787575867,
prompt for debugging Python code,bge_small_semantic_reranker_tinybert,pk_13771,3,0.9541942018844102,0.5737370550632477,0.0,0.5737370550632477,0.9541942018844102,
prompt for debugging Python code,bge_small_semantic_reranker_tinybert,pk_07588,4,0.9476493117421774,0.5470134317874908,0.0,0.5470134317874908,0.9476493117421774,
prompt for debugging Python code,bge_small_semantic_reranker_tinybert,pk_19093,5,0.9244169566975052,0.46352940797805786,0.0,0.46352940797805786,0.9244169566975052,
prompt for debugging Python code,bge_small_semantic_reranker_tinybert,pk_03855,6,0.91695425942763,0.5308237671852112,0.0,0.5308237671852112,0.91695425942763,
prompt for debugging Python code,bge_small_semantic_reranker_tinybert,pk_06356,7,0.9168031559852767,0.5387425422668457,0.0,0.5387425422668457,0.9168031559852767,
prompt for debugging Python code,bge_small_semantic_reranker_tinybert,pk_18500,8,0.9165138278867541,0.46081286668777466,0.0,0.46081286668777466,0.9165138278867541,
prompt for debugging Python code,bge_small_semantic_reranker_tinybert,pk_07115,9,0.8931963122269819,0.45061755180358887,0.0,0.45061755180358887,0.8931963122269819,
prompt for debugging Python code,bge_small_semantic_reranker_tinybert,pk_07189,10,0.8827254288105159,0.45948243141174316,0.0,0.45948243141174316,0.8827254288105159,
prompt for debugging Python code,bge_small_semantic_reranker_metadata_minilm,pk_19093,1,1.0,0.46352940797805786,0.0,0.46352940797805786,1.0,1.0
prompt for debugging Python code,bge_small_semantic_reranker_metadata_minilm,pk_07115,2,0.9638855158271113,0.45061755180358887,0.0,0.45061755180358887,0.9628693557603316,0.9696437562055299
prompt for debugging Python code,bge_small_semantic_reranker_metadata_minilm,pk_02512,3,0.9268057644132346,0.5252190828323364,0.0,0.5252190828323364,0.934432237735375,0.8835890822544394
prompt for debugging Python code,bge_small_semantic_reranker_metadata_minilm,pk_13771,4,0.8587261630038041,0.5737370550632477,0.0,0.5737370550632477,0.9007421037509887,0.6206358321030913
prompt for debugging Python code,bge_small_semantic_reranker_metadata_minilm,pk_06356,5,0.8074007049382194,0.5387425422668457,0.0,0.5387425422668457,0.8967394448701856,0.30114784532374395
prompt for debugging Python code,bge_small_semantic_reranker_metadata_minilm,pk_18500,6,0.806603395189232,0.46081286668777466,0.0,0.46081286668777466,0.9422975570009742,0.03766981158935961
prompt for debugging Python code,bge_small_semantic_reranker_metadata_minilm,pk_03805,7,0.8038374589627556,0.5512877702713013,0.0,0.5512877702713013,0.8853820369560385,0.34175151700081985
prompt for debugging Python code,bge_small_semantic_reranker_metadata_minilm,pk_03855,8,0.7915689068874779,0.5308237671852112,0.0,0.5308237671852112,0.9123087246940349,0.10737660598365528
prompt for debugging Python code,bge_small_semantic_reranker_metadata_minilm,pk_07588,9,0.790934377263696,0.5470134317874908,0.0,0.5470134317874908,0.8566397046534484,0.41860418872176575
prompt for debugging Python code,bge_small_semantic_reranker_metadata_minilm,pk_00514,10,0.7824684737699364,0.4575819969177246,0.0,0.4575819969177246,0.8073733215110017,0.6413410032372331
prompt for debugging Python code,bge_small_semantic_reranker_metadata_tinybert,pk_02512,1,0.9615929842821145,0.5252190828323364,0.0,0.5252190828323364,0.9753583787575867,0.8835890822544394
prompt for debugging Python code,bge_small_semantic_reranker_metadata_tinybert,pk_19093,2,0.9357544131928794,0.46352940797805786,0.0,0.46352940797805786,0.9244169566975052,1.0
prompt for debugging Python code,bge_small_semantic_reranker_metadata_tinybert,pk_07115,3,0.9046634288237642,0.45061755180358887,0.0,0.45061755180358887,0.8931963122269819,0.9696437562055299
prompt for debugging Python code,bge_small_semantic_reranker_metadata_tinybert,pk_13771,4,0.9041604464172124,0.5737370550632477,0.0,0.5737370550632477,0.9541942018844102,0.6206358321030913
prompt for debugging Python code,bge_small_semantic_reranker_metadata_tinybert,pk_03805,5,0.9012627275501229,0.5512877702713013,0.0,0.5512877702713013,1.0,0.34175151700081985
prompt for debugging Python code,bge_small_semantic_reranker_metadata_tinybert,pk_07588,6,0.8682925432891156,0.5470134317874908,0.0,0.5470134317874908,0.9476493117421774,0.41860418872176575
prompt for debugging Python code,bge_small_semantic_reranker_metadata_tinybert,pk_06356,7,0.8244548593860468,0.5387425422668457,0.0,0.5387425422668457,0.9168031559852767,0.30114784532374395
prompt for debugging Python code,bge_small_semantic_reranker_metadata_tinybert,pk_00514,8,0.800698583247278,0.4575819969177246,0.0,0.4575819969177246,0.8288205091314036,0.6413410032372331
prompt for debugging Python code,bge_small_semantic_reranker_metadata_tinybert,pk_03855,9,0.7955176114110338,0.5308237671852112,0.0,0.5308237671852112,0.91695425942763,0.10737660598365528
prompt for debugging Python code,bge_small_semantic_reranker_metadata_tinybert,pk_18500,10,0.7846872254421449,0.46081286668777466,0.0,0.46081286668777466,0.9165138278867541,0.03766981158935961
prompt for debugging Python code,bge_small_hybrid,pk_03805,1,0.9424057286359477,0.9608718234357869,0.89931817410299,0.9424057286359477,,
prompt for debugging Python code,bge_small_hybrid,pk_13771,2,0.9371747185251327,1.0,0.7905823950837757,0.9371747185251327,,
prompt for debugging Python code,bge_small_hybrid,pk_02261,3,0.8774327801802271,0.9493722567284774,0.7095740015676435,0.8774327801802271,,
prompt for debugging Python code,bge_small_hybrid,pk_02512,4,0.8621946938619295,0.9154351774863788,0.7379668987382145,0.8621946938619295,,
prompt for debugging Python code,bge_small_hybrid,pk_07588,5,0.861133973575795,0.9534218279263645,0.6457956467577998,0.861133973575795,,
prompt for debugging Python code,bge_small_hybrid,pk_17576,6,0.8447759310858143,0.778251330122592,1.0,0.8447759310858143,,
prompt for debugging Python code,bge_small_hybrid,pk_03708,7,0.8324485663843493,0.9937577594921435,0.45606044913282934,0.8324485663843493,,
prompt for debugging Python code,bge_small_hybrid,pk_03855,8,0.8073631867227885,0.9252039109216925,0.5324014969253459,0.8073631867227885,,
prompt for debugging Python code,bge_small_hybrid,pk_03763,9,0.8004406931242125,0.9119167878568548,0.5403298054147139,0.8004406931242125,,
prompt for debugging Python code,bge_small_hybrid,pk_06356,10,0.7884154781578006,0.939006008959027,0.43703757295493906,0.7884154781578006,,
prompt for debugging Python code,bge_small_hybrid_reranker_minilm,pk_19093,1,1.0,0.8079126210995022,0.7286357016833517,0.7841295452746571,1.0,
prompt for debugging Python code,bge_small_hybrid_reranker_minilm,pk_07115,2,0.9628693557603316,0.7854077888588068,0.5134190770964728,0.7038111753301065,0.9628693557603316,
prompt for debugging Python code,bge_small_hybrid_reranker_minilm,pk_15432,3,0.9514298852658725,0.0,0.8208294091873275,0.24624882275619825,0.9514298852658725,
prompt for debugging Python code,bge_small_hybrid_reranker_minilm,pk_18500,4,0.9422975570009742,0.8031778017840865,0.46023502400530353,0.7002949684504516,0.9422975570009742,
prompt for debugging Python code,bge_small_hybrid_reranker_minilm,pk_13661,5,0.9367636662326261,0.0,0.4374283957706716,0.13122851873120148,0.9367636662326261,
prompt for debugging Python code,bge_small_hybrid_reranker_minilm,pk_05431,6,0.9352842521429572,0.0,0.5515610838028243,0.16546832514084728,0.9352842521429572,
prompt for debugging Python code,bge_small_hybrid_reranker_minilm,pk_02512,7,0.9344322111348627,0.9154351774863788,0.7379668987382145,0.8621946938619295,0.9344322111348627,
prompt for debugging Python code,bge_small_hybrid_reranker_minilm,pk_12307,8,0.9330991796641425,0.0,0.5361984027755873,0.16085952083267618,0.9330991796641425,
prompt for debugging Python code,bge_small_hybrid_reranker_minilm,pk_07827,9,0.9299727416570752,0.0,0.4858816701107933,0.145764501033238,0.9299727416570752,
prompt for debugging Python code,bge_small_hybrid_reranker_minilm,pk_03855,10,0.9123087512945471,0.9252039109216925,0.5324014969253459,0.8073631867227885,0.9123087512945471,
prompt for debugging Python code,bge_small_hybrid_reranker_tinybert,pk_03805,1,1.0,0.9608718234357869,0.89931817410299,0.9424057286359477,1.0,
prompt for debugging Python code,bge_small_hybrid_reranker_tinybert,pk_02512,2,0.9753583213910557,0.9154351774863788,0.7379668987382145,0.8621946938619295,0.9753583213910557,
prompt for debugging Python code,bge_small_hybrid_reranker_tinybert,pk_13783,3,0.9681162557989674,0.0,0.6146672510507165,0.18440017531521494,0.9681162557989674,
prompt for debugging Python code,bge_small_hybrid_reranker_tinybert,pk_15432,4,0.9572271703723437,0.0,0.8208294091873275,0.24624882275619825,0.9572271703723437,
prompt for debugging Python code,bge_small_hybrid_reranker_tinybert,pk_02577,5,0.9557218726018998,0.0,0.4630345147851864,0.1389103544355559,0.9557218726018998,
prompt for debugging Python code,bge_small_hybrid_reranker_tinybert,pk_13771,6,0.9541942018844102,1.0,0.7905823950837757,0.9371747185251327,0.9541942018844102,
prompt for debugging Python code,bge_small_hybrid_reranker_tinybert,pk_07588,7,0.9476491970091157,0.9534218279263645,0.6457956467577998,0.861133973575795,0.9476491970091157,
prompt for debugging Python code,bge_small_hybrid_reranker_tinybert,pk_05431,8,0.9417293439041492,0.0,0.5515610838028243,0.16546832514084728,0.9417293439041492,
prompt for debugging Python code,bge_small_hybrid_reranker_tinybert,pk_13611,9,0.939712881660247,0.0,0.5831599973281354,0.17494799919844062,0.939712881660247,
prompt for debugging Python code,bge_small_hybrid_reranker_tinybert,pk_19093,10,0.9244169566975052,0.8079126210995022,0.7286357016833517,0.7841295452746571,0.9244169566975052,
prompt for debugging Python code,bge_small_hybrid_reranker_metadata_minilm,pk_19093,1,1.0,0.8079126210995022,0.7286357016833517,0.7841295452746571,1.0,1.0
prompt for debugging Python code,bge_small_hybrid_reranker_metadata_minilm,pk_07115,2,0.9638855158271113,0.7854077888588068,0.5134190770964728,0.7038111753301065,0.9628693557603316,0.9696437562055299
prompt for debugging Python code,bge_small_hybrid_reranker_metadata_minilm,pk_02512,3,0.9268057418027993,0.9154351774863788,0.7379668987382145,0.8621946938619295,0.9344322111348627,0.8835890822544394
prompt for debugging Python code,bge_small_hybrid_reranker_metadata_minilm,pk_13611,4,0.8640776652595701,0.0,0.5831599973281354,0.17494799919844062,0.9039747310029849,0.6379942927135528
prompt for debugging Python code,bge_small_hybrid_reranker_metadata_minilm,pk_13771,5,0.8587261630038041,1.0,0.7905823950837757,0.9371747185251327,0.9007421037509887,0.6206358321030913
prompt for debugging Python code,bge_small_hybrid_reranker_metadata_minilm,pk_15432,6,0.8580932056275793,0.0,0.8208294091873275,0.24624882275619825,0.9514298852658725,0.32918535434391805
prompt for debugging Python code,bge_small_hybrid_reranker_metadata_minilm,pk_02940,7,0.8501576568342786,0.0,0.4194410344214025,0.12583231032642075,0.8814281900152264,0.6729579688089076
prompt for debugging Python code,bge_small_hybrid_reranker_metadata_minilm,pk_07827,8,0.833760324917501,0.0,0.4858816701107933,0.145764501033238,0.9299727416570752,0.28855663005991344
prompt for debugging Python code,bge_small_hybrid_reranker_metadata_minilm,pk_02577,9,0.8180950838244342,0.0,0.4630345147851864,0.1389103544355559,0.8910317995557767,0.4047870280134935
prompt for debugging Python code,bge_small_hybrid_reranker_metadata_minilm,pk_13661,10,0.81514932829427,0.0,0.4374283957706716,0.13122851873120148,0.9367636662326261,0.12600141331025277
prompt for debugging Python code,bge_small_hybrid_reranker_metadata_tinybert,pk_02512,1,0.9615929355205632,0.9154351774863788,0.7379668987382145,0.8621946938619295,0.9753583213910557,0.8835890822544394
prompt for debugging Python code,bge_small_hybrid_reranker_metadata_tinybert,pk_19093,2,0.9357544131928794,0.8079126210995022,0.7286357016833517,0.7841295452746571,0.9244169566975052,1.0
prompt for debugging Python code,bge_small_hybrid_reranker_metadata_tinybert,pk_07115,3,0.9046634288237642,0.7854077888588068,0.5134190770964728,0.7038111753301065,0.8931963122269819,0.9696437562055299
prompt for debugging Python code,bge_small_hybrid_reranker_metadata_tinybert,pk_13771,4,0.9041604464172124,1.0,0.7905823950837757,0.9371747185251327,0.9541942018844102,0.6206358321030913
prompt for debugging Python code,bge_small_hybrid_reranker_metadata_tinybert,pk_03805,5,0.9012627275501229,0.9608718234357869,0.89931817410299,0.9424057286359477,1.0,0.34175151700081985
prompt for debugging Python code,bge_small_hybrid_reranker_metadata_tinybert,pk_13611,6,0.8944550933182429,0.0,0.5831599973281354,0.17494799919844062,0.939712881660247,0.6379942927135528
prompt for debugging Python code,bge_small_hybrid_reranker_metadata_tinybert,pk_02577,7,0.8730816459136388,0.0,0.4630345147851864,0.1389103544355559,0.9557218726018998,0.4047870280134935
prompt for debugging Python code,bge_small_hybrid_reranker_metadata_tinybert,pk_07588,8,0.8682924457660132,0.9534218279263645,0.6457956467577998,0.861133973575795,0.9476491970091157,0.41860418872176575
prompt for debugging Python code,bge_small_hybrid_reranker_metadata_tinybert,pk_13783,9,0.8669218772366523,0.0,0.6146672510507165,0.18440017531521494,0.9681162557989674,0.29348706538353314
prompt for debugging Python code,bge_small_hybrid_reranker_metadata_tinybert,pk_15432,10,0.8630208979680798,0.0,0.8208294091873275,0.24624882275619825,0.9572271703723437,0.32918535434391805
prompt for debugging Python code,bge_small_keyword,pk_17576,1,0.523608095319225,0.0,0.523608095319225,0.523608095319225,,
prompt for debugging Python code,bge_small_keyword,pk_11598,2,0.4752439402588568,0.0,0.4752439402588568,0.4752439402588568,,
prompt for debugging Python code,bge_small_keyword,pk_03805,3,0.4708902762280298,0.0,0.4708902762280298,0.4708902762280298,,
prompt for debugging Python code,bge_small_keyword,pk_15432,4,0.4297929235265813,0.0,0.4297929235265813,0.4297929235265813,,
prompt for debugging Python code,bge_small_keyword,pk_13771,5,0.41395534208272683,0.0,0.41395534208272683,0.41395534208272683,,
prompt for debugging Python code,bge_small_keyword,pk_11825,6,0.3926305597889715,0.0,0.3926305597889715,0.3926305597889715,,
prompt for debugging Python code,bge_small_keyword,pk_02512,7,0.3864054422569519,0.0,0.3864054422569519,0.3864054422569519,,
prompt for debugging Python code,bge_small_keyword,pk_13540,8,0.3843393117629717,0.0,0.3843393117629717,0.3843393117629717,,
prompt for debugging Python code,bge_small_keyword,pk_19093,9,0.3815195519400068,0.0,0.3815195519400068,0.3815195519400068,,
prompt for debugging Python code,bge_small_keyword,pk_02261,10,0.37153869144887464,0.0,0.37153869144887464,0.37153869144887464,,
write something persuasive for customers,minilm_semantic,pk_07386,1,0.16213291883468628,0.16213291883468628,0.0,0.16213291883468628,,
write something persuasive for customers,minilm_semantic,pk_15724,2,0.08244264125823975,0.08244264125823975,0.0,0.08244264125823975,,
write something persuasive for customers,minilm_semantic,pk_00018,3,0.07836079597473145,0.07836079597473145,0.0,0.07836079597473145,,
write something persuasive for customers,minilm_semantic,pk_19915,4,0.07552331686019897,0.07552331686019897,0.0,0.07552331686019897,,
write something persuasive for customers,minilm_semantic,pk_16589,5,0.0637739896774292,0.0637739896774292,0.0,0.0637739896774292,,
write something persuasive for customers,minilm_semantic,pk_17296,6,0.05781686305999756,0.05781686305999756,0.0,0.05781686305999756,,
write something persuasive for customers,minilm_semantic,pk_09314,7,0.041247665882110596,0.041247665882110596,0.0,0.041247665882110596,,
write something persuasive for customers,minilm_semantic,pk_05727,8,0.034988462924957275,0.034988462924957275,0.0,0.034988462924957275,,
write something persuasive for customers,minilm_semantic,pk_18512,9,0.028137505054473877,0.028137505054473877,0.0,0.028137505054473877,,
write something persuasive for customers,minilm_semantic,pk_19526,10,0.027814745903015137,0.027814745903015137,0.0,0.027814745903015137,,
write something persuasive for customers,minilm_semantic_reranker_minilm,pk_05727,1,1.0,0.034988462924957275,0.0,0.034988462924957275,1.0,
write something persuasive for customers,minilm_semantic_reranker_minilm,pk_07899,2,0.85762202296854,-0.03234755992889404,0.0,-0.03234755992889404,0.85762202296854,
write something persuasive for customers,minilm_semantic_reranker_minilm,pk_18170,3,0.5718256657636961,0.002427816390991211,0.0,0.002427816390991211,0.5718256657636961,
write something persuasive for customers,minilm_semantic_reranker_minilm,pk_14475,4,0.5645633833205744,-0.03303182125091553,0.0,-0.03303182125091553,0.5645633833205744,
write something persuasive for customers,minilm_semantic_reranker_minilm,pk_17296,5,0.5548381884970606,0.05781686305999756,0.0,0.05781686305999756,0.5548381884970606,
write something persuasive for customers,minilm_semantic_reranker_minilm,pk_19545,6,0.5495811502226293,0.0017975568771362305,0.0,0.0017975568771362305,0.5495811502226293,
write something persuasive for customers,minilm_semantic_reranker_minilm,pk_05033,7,0.5462557380219956,-0.043829917907714844,0.0,-0.043829917907714844,0.5462557380219956,
write something persuasive for customers,minilm_semantic_reranker_minilm,pk_08238,8,0.5262308352073037,-0.0131683349609375,0.0,-0.0131683349609375,0.5262308352073037,
write something persuasive for customers,minilm_semantic_reranker_minilm,pk_12609,9,0.5027431993544562,-0.015107274055480957,0.0,-0.015107274055480957,0.5027431993544562,
write something persuasive for customers,minilm_semantic_reranker_minilm,pk_16459,10,0.4954547023498689,0.004605412483215332,0.0,0.004605412483215332,0.4954547023498689,
write something persuasive for customers,minilm_semantic_reranker_tinybert,pk_05727,1,1.0,0.034988462924957275,0.0,0.034988462924957275,1.0,
write something persuasive for customers,minilm_semantic_reranker_tinybert,pk_07899,2,0.3480053384754948,-0.03234755992889404,0.0,-0.03234755992889404,0.3480053384754948,
write something persuasive for customers,minilm_semantic_reranker_tinybert,pk_14755,3,0.2570235760050861,-0.032244205474853516,0.0,-0.032244205474853516,0.2570235760050861,
write something persuasive for customers,minilm_semantic_reranker_tinybert,pk_05033,4,0.21032081740826106,-0.043829917907714844,0.0,-0.043829917907714844,0.21032081740826106,
write something persuasive for customers,minilm_semantic_reranker_tinybert,pk_16589,5,0.19733005660765257,0.0637739896774292,0.0,0.0637739896774292,0.19733005660765257,
write something persuasive for customers,minilm_semantic_reranker_tinybert,pk_12609,6,0.18097263658131302,-0.015107274055480957,0.0,-0.015107274055480957,0.18097263658131302,
write something persuasive for customers,minilm_semantic_reranker_tinybert,pk_19545,7,0.17002906035910542,0.0017975568771362305,0.0,0.0017975568771362305,0.17002906035910542,
write something persuasive for customers,minilm_semantic_reranker_tinybert,pk_16459,8,0.15587621087656708,0.004605412483215332,0.0,0.004605412483215332,0.15587621087656708,
write something persuasive for customers,minilm_semantic_reranker_tinybert,pk_14470,9,0.13151072478557554,0.021447718143463135,0.0,0.021447718143463135,0.13151072478557554,
write something persuasive for customers,minilm_semantic_reranker_tinybert,pk_14475,10,0.13063067696455966,-0.03303182125091553,0.0,-0.03303182125091553,0.13063067696455966,
write something persuasive for customers,minilm_semantic_reranker_metadata_minilm,pk_05727,1,0.9783266764027095,0.034988462924957275,0.0,0.034988462924957275,1.0,0.8555111760180637
write something persuasive for customers,minilm_semantic_reranker_metadata_minilm,pk_07899,2,0.8035400587441591,-0.03234755992889404,0.0,-0.03234755992889404,0.85762202296854,0.49707559480600083
write something persuasive for customers,minilm_semantic_reranker_metadata_minilm,pk_14475,3,0.6298788758224882,-0.03303182125091553,0.0,-0.03303182125091553,0.5645633833205744,1.0
write something persuasive for customers,minilm_semantic_reranker_metadata_minilm,pk_17296,4,0.5934496060830321,0.05781686305999756,0.0,0.05781686305999756,0.5548381884970606,0.8122476390702039
write something persuasive for customers,minilm_semantic_reranker_metadata_minilm,pk_18170,5,0.5755406829226941,0.002427816390991211,0.0,0.002427816390991211,0.5718256657636961,0.5965924468236835
write something persuasive for customers,minilm_semantic_reranker_metadata_minilm,pk_05033,6,0.5588524017942591,-0.043829917907714844,0.0,-0.043829917907714844,0.5462557380219956,0.6302334965037526
write something persuasive for customers,minilm_semantic_reranker_metadata_minilm,pk_16459,7,0.5443495460112903,0.004605412483215332,0.0,0.004605412483215332,0.4954547023498689,0.8214203267593446
write something persuasive for customers,minilm_semantic_reranker_metadata_minilm,pk_12609,8,0.5431226687543783,-0.015107274055480957,0.0,-0.015107274055480957,0.5027431993544562,0.7719396620206033
write something persuasive for customers,minilm_semantic_reranker_metadata_minilm,pk_19545,9,0.5099683833342985,0.0017975568771362305,0.0,0.0017975568771362305,0.5495811502226293,0.2854960376337574
write something persuasive for customers,minilm_semantic_reranker_metadata_minilm,pk_14755,10,0.5026083262127721,-0.032244205474853516,0.0,-0.032244205474853516,0.49295436970168527,0.5573140797755978
write something persuasive for customers,minilm_semantic_reranker_metadata_tinybert,pk_05727,1,0.9783266764027095,0.034988462924957275,0.0,0.034988462924957275,1.0,0.8555111760180637
write something persuasive for customers,minilm_semantic_reranker_metadata_tinybert,pk_07899,2,0.3703658769250707,-0.03234755992889404,0.0,-0.03234755992889404,0.3480053384754948,0.49707559480600083
write something persuasive for customers,minilm_semantic_reranker_metadata_tinybert,pk_14755,3,0.30206715157066283,-0.032244205474853516,0.0,-0.032244205474853516,0.2570235760050861,0.5573140797755978
write something persuasive for customers,minilm_semantic_reranker_metadata_tinybert,pk_05033,4,0.2733077192725848,-0.043829917907714844,0.0,-0.043829917907714844,0.21032081740826106,0.6302334965037526
write something persuasive for customers,minilm_semantic_reranker_metadata_tinybert,pk_12609,5,0.26961769039720657,-0.015107274055480957,0.0,-0.015107274055480957,0.18097263658131302,0.7719396620206033
write something persuasive for customers,minilm_semantic_reranker_metadata_tinybert,pk_14475,6,0.2610360754198757,-0.03303182125091553,0.0,-0.03303182125091553,0.13063067696455966,1.0
write something persuasive for customers,minilm_semantic_reranker_metadata_tinybert,pk_16459,7,0.2557078282589837,0.004605412483215332,0.0,0.004605412483215332,0.15587621087656708,0.8214203267593446
write something persuasive for customers,minilm_semantic_reranker_metadata_tinybert,pk_17752,8,0.21942859617195087,-0.03837227821350098,0.0,-0.03837227821350098,0.11148495517458266,0.8311092284903707
write something persuasive for customers,minilm_semantic_reranker_metadata_tinybert,pk_14861,9,0.2182396549108388,-0.033850908279418945,0.0,-0.033850908279418945,0.12628992915731743,0.7392881008474599
write something persuasive for customers,minilm_semantic_reranker_metadata_tinybert,pk_14470,10,0.20066243351520882,0.021447718143463135,0.0,0.021447718143463135,0.13151072478557554,0.5925221163164641
write something persuasive for customers,minilm_hybrid,pk_07386,1,0.8863630496821737,1.0,0.6212101656072458,0.8863630496821737,,
write something persuasive for customers,minilm_hybrid,pk_00018,2,0.5461207664647856,0.48331206603780175,0.6926744007944149,0.5461207664647856,,
write something persuasive for customers,minilm_hybrid,pk_19915,3,0.5304100966962786,0.46581112215221354,0.681141037299097,0.5304100966962786,,
write something persuasive for customers,minilm_hybrid,pk_05727,4,0.40219957822770624,0.21580110428180324,0.8371293507681468,0.40219957822770624,,
write something persuasive for customers,minilm_hybrid,pk_15724,5,0.3559415897496414,0.5084879853566306,0.0,0.3559415897496414,,
write something persuasive for customers,minilm_hybrid,pk_08618,6,0.3,0.0,1.0,0.3,,
write something persuasive for customers,minilm_hybrid,pk_09314,7,0.291147884755238,0.25440648437451174,0.3768778189769327,0.291147884755238,,
write something persuasive for customers,minilm_hybrid,pk_16589,8,0.2753407086917249,0.39334386955960704,0.0,0.2753407086917249,,
write something persuasive for customers,minilm_hybrid,pk_17296,9,0.24962114068435473,0.3566016295490782,0.0,0.24962114068435473,,
write something persuasive for customers,minilm_hybrid,pk_19526,10,0.23680930720987867,0.17155520361275656,0.38906888226983033,0.23680930720987867,,
write something persuasive for customers,minilm_hybrid_reranker_minilm,pk_11950,1,1.0,0.0,0.3809920273989844,0.11429760821969531,1.0,
write something persuasive for customers,minilm_hybrid_reranker_minilm,pk_05727,2,0.9541651907660149,0.21580110428180324,0.8371293507681468,0.40219957822770624,0.9541651907660149,
write something persuasive for customers,minilm_hybrid_reranker_minilm,pk_09230,3,0.8270142024235578,0.0,0.33835242449622405,0.10150572734886722,0.8270142024235578,
write something persuasive for customers,minilm_hybrid_reranker_minilm,pk_05313,4,0.7959886944052559,0.0,0.369182562753113,0.1107547688259339,0.7959886944052559,
write something persuasive for customers,minilm_hybrid_reranker_minilm,pk_06454,5,0.7894083172675151,0.0,0.30863387778742973,0.09259016333622892,0.7894083172675151,
write something persuasive for customers,minilm_hybrid_reranker_minilm,pk_16876,6,0.7576624900804491,0.0,0.343865227908992,0.10315956837269759,0.7576624900804491,
write something persuasive for customers,minilm_hybrid_reranker_minilm,pk_08618,7,0.7337265884626298,0.0,1.0,0.3,0.7337265884626298,
write something persuasive for customers,minilm_hybrid_reranker_minilm,pk_04296,8,0.7311626645155035,0.0,0.3026932736317445,0.09080798208952334,0.7311626645155035,
write something persuasive for customers,minilm_hybrid_reranker_minilm,pk_04565,9,0.7255165638781007,0.0,0.4169470678099691,0.1250841203429907,0.7255165638781007,
write something persuasive for customers,minilm_hybrid_reranker_minilm,pk_07158,10,0.6729885192006946,0.0,0.5596037894699538,0.16788113684098613,0.6729885192006946,
write something persuasive for customers,minilm_hybrid_reranker_tinybert,pk_05727,1,1.0,0.21580110428180324,0.8371293507681468,0.40219957822770624,1.0,
write something persuasive for customers,minilm_hybrid_reranker_tinybert,pk_11950,2,0.8237768828263283,0.0,0.3809920273989844,0.11429760821969531,0.8237768828263283,
write something persuasive for customers,minilm_hybrid_reranker_tinybert,pk_08618,3,0.8168504295543348,0.0,1.0,0.3,0.8168504295543348,
write something persuasive for customers,minilm_hybrid_reranker_tinybert,pk_08270,4,0.7990985882404803,0.0,0.49340096004416695,0.14802028801325007,0.7990985882404803,
write something persuasive for customers,minilm_hybrid_reranker_tinybert,pk_04296,5,0.744842247123698,0.0,0.3026932736317445,0.09080798208952334,0.744842247123698,
write something persuasive for customers,minilm_hybrid_reranker_tinybert,pk_05313,6,0.7084257692351396,0.0,0.369182562753113,0.1107547688259339,0.7084257692351396,
write something persuasive for customers,minilm_hybrid_reranker_tinybert,pk_06454,7,0.6823921397847417,0.0,0.30863387778742973,0.09259016333622892,0.6823921397847417,
write something persuasive for customers,minilm_hybrid_reranker_tinybert,pk_07158,8,0.6749012927906363,0.0,0.5596037894699538,0.16788113684098613,0.6749012927906363,
write something persuasive for customers,minilm_hybrid_reranker_tinybert,pk_16876,9,0.6348593049205339,0.0,0.343865227908992,0.10315956837269759,0.6348593049205339,
write something persuasive for customers,minilm_hybrid_reranker_tinybert,pk_09230,10,0.6191032744371191,0.0,0.33835242449622405,0.10150572734886722,0.6191032744371191,
write something persuasive for customers,minilm_hybrid_reranker_metadata_minilm,pk_11950,1,0.9384138583756463,0.0,0.3809920273989844,0.11429760821969531,1.0,0.5894257225043084
write something persuasive for customers,minilm_hybrid_reranker_metadata_minilm,pk_05727,2,0.929867812239694,0.21580110428180324,0.8371293507681468,0.40219957822770624,0.9541651907660149,0.7921826672572084
write something persuasive for customers,minilm_hybrid_reranker_metadata_minilm,pk_09230,3,0.8529620720600242,0.0,0.33835242449622405,0.10150572734886722,0.8270142024235578,1.0
write something persuasive for customers,minilm_hybrid_reranker_metadata_minilm,pk_06454,4,0.7548830334835829,0.0,0.30863387778742973,0.09259016333622892,0.7894083172675151,0.559239758707967
write something persuasive for customers,minilm_hybrid_reranker_metadata_minilm,pk_05313,5,0.7514989664225217,0.0,0.369182562753113,0.1107547688259339,0.7959886944052559,0.4993905078536951
write something persuasive for customers,minilm_hybrid_reranker_metadata_minilm,pk_08618,6,0.7419130268270564,0.0,1.0,0.3,0.7337265884626298,0.7883028442254744
write something persuasive for customers,minilm_hybrid_reranker_metadata_minilm,pk_16876,7,0.7269028061481932,0.0,0.343865227908992,0.10315956837269759,0.7576624900804491,0.5525979305320774
write something persuasive for customers,minilm_hybrid_reranker_metadata_minilm,pk_04296,8,0.6972599141847652,0.0,0.3026932736317445,0.09080798208952334,0.7311626645155035,0.5051443289772481
write something persuasive for customers,minilm_hybrid_reranker_metadata_minilm,pk_07158,9,0.6448322912558342,0.0,0.5596037894699538,0.16788113684098613,0.6729885192006946,0.4852803329016254
write something persuasive for customers,minilm_hybrid_reranker_metadata_minilm,pk_04565,10,0.6374412313925084,0.0,0.4169470678099691,0.1250841203429907,0.7255165638781007,0.13834768064081873
write something persuasive for customers,minilm_hybrid_reranker_metadata_tinybert,pk_05727,1,0.9688274000885813,0.21580110428180324,0.8371293507681468,0.40219957822770624,1.0,0.7921826672572084
write something persuasive for customers,minilm_hybrid_reranker_metadata_tinybert,pk_08618,2,0.8125682917550057,0.0,1.0,0.3,0.8168504295543348,0.7883028442254744
write something persuasive for customers,minilm_hybrid_reranker_metadata_tinybert,pk_11950,3,0.7886242087780253,0.0,0.3809920273989844,0.11429760821969531,0.8237768828263283,0.5894257225043084
write something persuasive for customers,minilm_hybrid_reranker_metadata_tinybert,pk_08270,4,0.7575612027771931,0.0,0.49340096004416695,0.14802028801325007,0.7990985882404803,0.522182685151899
write something persuasive for customers,minilm_hybrid_reranker_metadata_tinybert,pk_04296,5,0.7088875594017304,0.0,0.3026932736317445,0.09080798208952334,0.744842247123698,0.5051443289772481
write something persuasive for customers,minilm_hybrid_reranker_metadata_tinybert,pk_05313,6,0.6770704800279228,0.0,0.369182562753113,0.1107547688259339,0.7084257692351396,0.4993905078536951
write something persuasive for customers,minilm_hybrid_reranker_metadata_tinybert,pk_09230,7,0.6762377832715513,0.0,0.33835242449622405,0.10150572734886722,0.6191032744371191,1.0
write something persuasive for customers,minilm_hybrid_reranker_metadata_tinybert,pk_06454,8,0.6639192826232254,0.0,0.30863387778742973,0.09259016333622892,0.6823921397847417,0.559239758707967
write something persuasive for customers,minilm_hybrid_reranker_metadata_tinybert,pk_07158,9,0.6464581488072846,0.0,0.5596037894699538,0.16788113684098613,0.6749012927906363,0.4852803329016254
write something persuasive for customers,minilm_hybrid_reranker_metadata_tinybert,pk_15490,10,0.6344971890096909,0.0,0.5517863759132355,0.16553591277397064,0.612122826541862,0.7612852429940542
write something persuasive for customers,bge_small_semantic,pk_05727,1,0.5570241808891296,0.5570241808891296,0.0,0.5570241808891296,,
write something persuasive for customers,bge_small_semantic,pk_11950,2,0.5258928537368774,0.5258928537368774,0.0,0.5258928537368774,,
write something persuasive for customers,bge_small_semantic,pk_18170,3,0.5180513262748718,0.5180513262748718,0.0,0.5180513262748718,,
write something persuasive for customers,bge_small_semantic,pk_07899,4,0.5162418484687805,0.5162418484687805,0.0,0.5162418484687805,,
write something persuasive for customers,bge_small_semantic,pk_13137,5,0.51209357380867,0.51209357380867,0.0,0.51209357380867,,
write something persuasive for customers,bge_small_semantic,pk_14755,6,0.5093133747577667,0.5093133747577667,0.0,0.5093133747577667,,
write something persuasive for customers,bge_small_semantic,pk_18017,7,0.5066868662834167,0.5066868662834167,0.0,0.5066868662834167,,
write something persuasive for customers,bge_small_semantic,pk_18947,8,0.5025001764297485,0.5025001764297485,0.0,0.5025001764297485,,
write something persuasive for customers,bge_small_semantic,pk_01814,9,0.5020250082015991,0.5020250082015991,0.0,0.5020250082015991,,
write something persuasive for customers,bge_small_semantic,pk_16459,10,0.49688637256622314,0.49688637256622314,0.0,0.49688637256622314,,
write something persuasive for customers,bge_small_semantic_reranker_minilm,pk_11950,1,1.0,0.5258928537368774,0.0,0.5258928537368774,1.0,
write something persuasive for customers,bge_small_semantic_reranker_minilm,pk_05727,2,0.9516420301383974,0.5570241808891296,0.0,0.5570241808891296,0.9516420301383974,
write something persuasive for customers,bge_small_semantic_reranker_minilm,pk_19388,3,0.873236429758026,0.4611668586730957,0.0,0.4611668586730957,0.873236429758026,
write something persuasive for customers,bge_small_semantic_reranker_minilm,pk_04533,4,0.8126578763377923,0.48583871126174927,0.0,0.48583871126174927,0.8126578763377923,
write something persuasive for customers,bge_small_semantic_reranker_minilm,pk_07899,5,0.8083112744442009,0.5162418484687805,0.0,0.5162418484687805,0.8083112744442009,
write something persuasive for customers,bge_small_semantic_reranker_minilm,pk_03956,6,0.6721103632920942,0.4694693088531494,0.0,0.4694693088531494,0.6721103632920942,
write something persuasive for customers,bge_small_semantic_reranker_minilm,pk_13233,7,0.6496981234356366,0.46909183263778687,0.0,0.46909183263778687,0.6496981234356366,
write something persuasive for customers,bge_small_semantic_reranker_minilm,pk_12178,8,0.6287219589660906,0.47331535816192627,0.0,0.47331535816192627,0.6287219589660906,
write something persuasive for customers,bge_small_semantic_reranker_minilm,pk_18428,9,0.6199332196444236,0.483661413192749,0.0,0.483661413192749,0.6199332196444236,
write something persuasive for customers,bge_small_semantic_reranker_minilm,pk_18017,10,0.616251576349138,0.5066868662834167,0.0,0.5066868662834167,0.616251576349138,
write something persuasive for customers,bge_small_semantic_reranker_tinybert,pk_05727,1,1.0,0.5570241808891296,0.0,0.5570241808891296,1.0,
write something persuasive for customers,bge_small_semantic_reranker_tinybert,pk_11950,2,0.8238345230112158,0.5258928537368774,0.0,0.5258928537368774,0.8238345230112158,
write something persuasive for customers,bge_small_semantic_reranker_tinybert,pk_07899,3,0.3424443052807706,0.5162418484687805,0.0,0.5162418484687805,0.3424443052807706,
write something persuasive for customers,bge_small_semantic_reranker_tinybert,pk_14755,4,0.2506863515718006,0.5093133747577667,0.0,0.5093133747577667,0.2506863515718006,
write something persuasive for customers,bge_small_semantic_reranker_tinybert,pk_19388,5,0.2502101665569108,0.4611668586730957,0.0,0.4611668586730957,0.2502101665569108,
write something persuasive for customers,bge_small_semantic_reranker_tinybert,pk_13233,6,0.23283271180016685,0.46909183263778687,0.0,0.46909183263778687,0.23283271180016685,
write something persuasive for customers,bge_small_semantic_reranker_tinybert,pk_04533,7,0.20568324091789375,0.48583871126174927,0.0,0.48583871126174927,0.20568324091789375,
write something persuasive for customers,bge_small_semantic_reranker_tinybert,pk_09506,8,0.20081423066476572,0.4716451168060303,0.0,0.4716451168060303,0.20081423066476572,
write something persuasive for customers,bge_small_semantic_reranker_tinybert,pk_15587,9,0.19649941469780619,0.47238099575042725,0.0,0.47238099575042725,0.19649941469780619,
write something persuasive for customers,bge_small_semantic_reranker_tinybert,pk_18428,10,0.1927566667202239,0.483661413192749,0.0,0.483661413192749,0.1927566667202239,
write something persuasive for customers,bge_small_semantic_reranker_metadata_minilm,pk_11950,1,0.9616079182617862,0.5258928537368774,0.0,0.5258928537368774,1.0,0.7440527884119077
write something persuasive for customers,bge_small_semantic_reranker_metadata_minilm,pk_05727,2,0.9588957256176378,0.5570241808891296,0.0,0.5570241808891296,0.9516420301383974,1.0
write something persuasive for customers,bge_small_semantic_reranker_metadata_minilm,pk_19388,3,0.787556805242964,0.4611668586730957,0.0,0.4611668586730957,0.873236429758026,0.30203893299094714
write something persuasive for customers,bge_small_semantic_reranker_metadata_minilm,pk_07899,4,0.7742187214244766,0.5162418484687805,0.0,0.5162418484687805,0.8083112744442009,0.5810275876460383
write something persuasive for customers,bge_small_semantic_reranker_metadata_minilm,pk_04533,5,0.7334012396449225,0.48583871126174927,0.0,0.48583871126174927,0.8126578763377923,0.28428029838532737
write something persuasive for customers,bge_small_semantic_reranker_metadata_minilm,pk_18017,6,0.6251516741069887,0.5066868662834167,0.0,0.5066868662834167,0.616251576349138,0.6755855614014767
write something persuasive for customers,bge_small_semantic_reranker_metadata_minilm,pk_03956,7,0.6241705352896131,0.4694693088531494,0.0,0.4694693088531494,0.6721103632920942,0.3525115099422198
write something persuasive for customers,bge_small_semantic_reranker_metadata_minilm,pk_13233,8,0.5898907800744899,0.46909183263778687,0.0,0.46909183263778687,0.6496981234356366,0.2509825010279922
write something persuasive for customers,bge_small_semantic_reranker_metadata_minilm,pk_09506,9,0.5827883380493089,0.4716451168060303,0.0,0.4716451168060303,0.5648290685634918,0.6845575318022724
write something persuasive for customers,bge_small_semantic_reranker_metadata_minilm,pk_12178,10,0.5626163593427956,0.47331535816192627,0.0,0.47331535816192627,0.6287219589660906,0.18801796147745706
write something persuasive for customers,bge_small_semantic_reranker_metadata_tinybert,pk_05727,1,1.0,0.5570241808891296,0.0,0.5570241808891296,1.0,1.0
write something persuasive for customers,bge_small_semantic_reranker_metadata_tinybert,pk_11950,2,0.8118672628213196,0.5258928537368774,0.0,0.5258928537368774,0.8238345230112158,0.7440527884119077
write something persuasive for customers,bge_small_semantic_reranker_metadata_tinybert,pk_07899,3,0.37823179763556075,0.5162418484687805,0.0,0.5162418484687805,0.3424443052807706,0.5810275876460383
write something persuasive for customers,bge_small_semantic_reranker_metadata_tinybert,pk_14755,4,0.3107993776680528,0.5093133747577667,0.0,0.5093133747577667,0.2506863515718006,0.651439858880149
write something persuasive for customers,bge_small_semantic_reranker_metadata_tinybert,pk_09506,5,0.2733757258353917,0.4716451168060303,0.0,0.4716451168060303,0.20081423066476572,0.6845575318022724
write something persuasive for customers,bge_small_semantic_reranker_metadata_tinybert,pk_16459,6,0.2703977724481036,0.49688637256622314,0.0,0.49688637256622314,0.14867652891807792,0.9601514857849159
write something persuasive for customers,bge_small_semantic_reranker_metadata_tinybert,pk_19388,7,0.25798448152201625,0.4611668586730957,0.0,0.4611668586730957,0.2502101665569108,0.30203893299094714
write something persuasive for customers,bge_small_semantic_reranker_metadata_tinybert,pk_13233,8,0.23555518018434066,0.46909183263778687,0.0,0.46909183263778687,0.23283271180016685,0.2509825010279922
write something persuasive for customers,bge_small_semantic_reranker_metadata_tinybert,pk_15587,9,0.224890745678324,0.47238099575042725,0.0,0.47238099575042725,0.19649941469780619,0.38577495456792515
write something persuasive for customers,bge_small_semantic_reranker_metadata_tinybert,pk_04533,10,0.2174727995380088,0.48583871126174927,0.0,0.48583871126174927,0.20568324091789375,0.28428029838532737
write something persuasive for customers,bge_small_hybrid,pk_05727,1,0.9511388052304439,1.0,0.8371293507681468,0.9511388052304439,,
write something persuasive for customers,bge_small_hybrid,pk_11950,2,0.7751755561540346,0.9441113541919133,0.3809920273989844,0.7751755561540346,,
write something persuasive for customers,bge_small_hybrid,pk_18170,3,0.6510236733593249,0.9300338190847499,0.0,0.6510236733593249,,
write something persuasive for customers,bge_small_hybrid,pk_07899,4,0.6487497425180424,0.9267853464543464,0.0,0.6487497425180424,,
write something persuasive for customers,bge_small_hybrid,pk_13137,5,0.6435366972648862,0.9193381389498374,0.0,0.6435366972648862,,
write something persuasive for customers,bge_small_hybrid,pk_14755,6,0.6400428824496552,0.9143469749280789,0.0,0.6400428824496552,,
write something persuasive for customers,bge_small_hybrid,pk_18017,7,0.6367422071915179,0.9096317245593113,0.0,0.6367422071915179,,
write something persuasive for customers,bge_small_hybrid,pk_18947,8,0.6314808864120685,0.9021155520172407,0.0,0.6314808864120685,,
write something persuasive for customers,bge_small_hybrid,pk_01814,9,0.6308837529821092,0.901262504260156,0.0,0.6308837529821092,,
write something persuasive for customers,bge_small_hybrid,pk_16459,10,0.624426142939002,0.8920373470557172,0.0,0.624426142939002,,
write something persuasive for customers,bge_small_hybrid_reranker_minilm,pk_11950,1,1.0,0.9441113541919133,0.3809920273989844,0.7751755561540346,1.0,
write something persuasive for customers,bge_small_hybrid_reranker_minilm,pk_05727,2,0.951642064322326,1.0,0.8371293507681468,0.9511388052304439,0.951642064322326,
write something persuasive for customers,bge_small_hybrid_reranker_minilm,pk_19388,3,0.873236429758026,0.8279117397326896,0.0,0.5795382178128827,0.873236429758026,
write something persuasive for customers,bge_small_hybrid_reranker_minilm,pk_09230,4,0.8174913641995749,0.0,0.33835242449622405,0.10150572734886722,0.8174913641995749,
write something persuasive for customers,bge_small_hybrid_reranker_minilm,pk_04533,5,0.8126578763377923,0.872203986703498,0.0,0.6105427906924485,0.8126578763377923,
write something persuasive for customers,bge_small_hybrid_reranker_minilm,pk_07899,6,0.8083112744442009,0.9267853464543464,0.0,0.6487497425180424,0.8083112744442009,
write something persuasive for customers,bge_small_hybrid_reranker_minilm,pk_05313,7,0.7847578981368836,0.0,0.369182562753113,0.1107547688259339,0.7847578981368836,
write something persuasive for customers,bge_small_hybrid_reranker_minilm,pk_16876,8,0.7443218315352416,0.0,0.343865227908992,0.10315956837269759,0.7443218315352416,
write something persuasive for customers,bge_small_hybrid_reranker_minilm,pk_08618,9,0.7190682555801076,0.0,1.0,0.3,0.7190682555801076,
write something persuasive for customers,bge_small_hybrid_reranker_minilm,pk_04565,10,0.710406110028563,0.0,0.4169470678099691,0.1250841203429907,0.710406110028563,
write something persuasive for customers,bge_small_hybrid_reranker_tinybert,pk_05727,1,1.0,1.0,0.8371293507681468,0.9511388052304439,1.0,
write something persuasive for customers,bge_small_hybrid_reranker_tinybert,pk_11950,2,0.8238345681106786,0.9441113541919133,0.3809920273989844,0.7751755561540346,0.8238345681106786,
write something persuasive for customers,bge_small_hybrid_reranker_tinybert,pk_08618,3,0.816910451127093,0.0,1.0,0.3,0.816910451127093,
write something persuasive for customers,bge_small_hybrid_reranker_tinybert,pk_08270,4,0.7991644221208357,0.0,0.49340096004416695,0.14802028801325007,0.7991644221208357,
write something persuasive for customers,bge_small_hybrid_reranker_tinybert,pk_05313,5,0.708521291208434,0.0,0.369182562753113,0.1107547688259339,0.708521291208434,
write something persuasive for customers,bge_small_hybrid_reranker_tinybert,pk_07158,6,0.6750077913474685,0.0,0.5596037894699538,0.16788113684098613,0.6750077913474685,
write something persuasive for customers,bge_small_hybrid_reranker_tinybert,pk_16876,7,0.6349789140243899,0.0,0.343865227908992,0.10315956837269759,0.6349789140243899,
write something persuasive for customers,bge_small_hybrid_reranker_tinybert,pk_09230,8,0.6192280423802223,0.0,0.33835242449622405,0.10150572734886722,0.6192280423802223,
write something persuasive for customers,bge_small_hybrid_reranker_tinybert,pk_15490,9,0.6122498800231028,0.0,0.5517863759132355,0.16553591277397064,0.6122498800231028,
write something persuasive for customers,bge_small_hybrid_reranker_tinybert,pk_05373,10,0.5531851365122633,0.0,0.39499166250911,0.118497498752733,0.5531851365122633,
write something persuasive for customers,bge_small_hybrid_reranker_metadata_minilm,pk_11950,1,0.9384138583756463,0.9441113541919133,0.3809920273989844,0.7751755561540346,1.0,0.5894257225043084
write something persuasive for customers,bge_small_hybrid_reranker_metadata_minilm,pk_05727,2,0.9277231547625584,1.0,0.8371293507681468,0.9511388052304439,0.951642064322326,0.7921826672572084
write something persuasive for customers,bge_small_hybrid_reranker_metadata_minilm,pk_09230,3,0.8448676595696387,0.0,0.33835242449622405,0.10150572734886722,0.8174913641995749,1.0
write something persuasive for customers,bge_small_hybrid_reranker_metadata_minilm,pk_19388,4,0.7781414664271654,0.8279117397326896,0.0,0.5795382178128827,0.873236429758026,0.23927000755228972
write something persuasive for customers,bge_small_hybrid_reranker_metadata_minilm,pk_07899,5,0.7561065808972898,0.9267853464543464,0.0,0.6487497425180424,0.8083112744442009,0.4602799841314601
write something persuasive for customers,bge_small_hybrid_reranker_metadata_minilm,pk_05313,6,0.7419527895944052,0.0,0.369182562753113,0.1107547688259339,0.7847578981368836,0.4993905078536951
write something persuasive for customers,bge_small_hybrid_reranker_metadata_minilm,pk_08618,7,0.7294534438769125,0.0,1.0,0.3,0.7190682555801076,0.7883028442254744
write something persuasive for customers,bge_small_hybrid_reranker_metadata_minilm,pk_04533,8,0.724539483640658,0.872203986703498,0.0,0.6105427906924485,0.8126578763377923,0.22520192502356373
write something persuasive for customers,bge_small_hybrid_reranker_metadata_minilm,pk_16876,9,0.7155632463847669,0.0,0.343865227908992,0.10315956837269759,0.7443218315352416,0.5525979305320774
write something persuasive for customers,bge_small_hybrid_reranker_metadata_minilm,pk_07158,10,0.6295306158298767,0.0,0.5596037894699538,0.16788113684098613,0.6549865481113328,0.4852803329016254
write something persuasive for customers,bge_small_hybrid_reranker_metadata_tinybert,pk_05727,1,0.9688274000885813,1.0,0.8371293507681468,0.9511388052304439,1.0,0.7921826672572084
write something persuasive for customers,bge_small_hybrid_reranker_metadata_tinybert,pk_08618,2,0.8126193100918502,0.0,1.0,0.3,0.816910451127093,0.7883028442254744
write something persuasive for customers,bge_small_hybrid_reranker_metadata_tinybert,pk_11950,3,0.788673241269723,0.9441113541919133,0.3809920273989844,0.7751755561540346,0.8238345681106786,0.5894257225043084
write something persuasive for customers,bge_small_hybrid_reranker_metadata_tinybert,pk_08270,4,0.7576171615754952,0.0,0.49340096004416695,0.14802028801325007,0.7991644221208357,0.522182685151899
write something persuasive for customers,bge_small_hybrid_reranker_metadata_tinybert,pk_05313,5,0.6771516737052231,0.0,0.369182562753113,0.1107547688259339,0.708521291208434,0.4993905078536951
write something persuasive for customers,bge_small_hybrid_reranker_metadata_tinybert,pk_09230,6,0.676343836023189,0.0,0.33835242449622405,0.10150572734886722,0.6192280423802223,1.0
write something persuasive for customers,bge_small_hybrid_reranker_metadata_tinybert,pk_07158,7,0.646548672580592,0.0,0.5596037894699538,0.16788113684098613,0.6750077913474685,0.4852803329016254
write something persuasive for customers,bge_small_hybrid_reranker_metadata_tinybert,pk_15490,8,0.6346051844687455,0.0,0.5517863759132355,0.16553591277397064,0.6122498800231028,0.7612852429940542
write something persuasive for customers,bge_small_hybrid_reranker_metadata_tinybert,pk_16876,9,0.622621766500543,0.0,0.343865227908992,0.10315956837269759,0.6349789140243899,0.5525979305320774
write something persuasive for customers,bge_small_hybrid_reranker_metadata_tinybert,pk_05373,10,0.5808401479393567,0.0,0.39499166250911,0.118497498752733,0.5531851365122633,0.7375518793595524
write something persuasive for customers,bge_small_keyword,pk_08618,1,0.34087617062655384,0.0,0.34087617062655384,0.34087617062655384,,
write something persuasive for customers,bge_small_keyword,pk_05727,2,0.28535744740893904,0.0,0.28535744740893904,0.28535744740893904,,
write something persuasive for customers,bge_small_keyword,pk_00018,3,0.23611619723384292,0.0,0.23611619723384292,0.23611619723384292,,
write something persuasive for customers,bge_small_keyword,pk_19915,4,0.2321847484511149,0.0,0.2321847484511149,0.2321847484511149,,
write something persuasive for customers,bge_small_keyword,pk_07386,5,0.2117557424064853,0.0,0.2117557424064853,0.2117557424064853,,
write something persuasive for customers,bge_small_keyword,pk_07158,6,0.1907555968226261,0.0,0.1907555968226261,0.1907555968226261,,
write something persuasive for customers,bge_small_keyword,pk_15490,7,0.18809082682520786,0.0,0.18809082682520786,0.18809082682520786,,
write something persuasive for customers,bge_small_keyword,pk_11327,8,0.17220806739545985,0.0,0.17220806739545985,0.17220806739545985,,
write something persuasive for customers,bge_small_keyword,pk_08270,9,0.16818862984332092,0.0,0.16818862984332092,0.16818862984332092,,
write something persuasive for customers,bge_small_keyword,pk_04565,10,0.14212731982903234,0.0,0.14212731982903234,0.14212731982903234,,
analyze sales data and find business insights,minilm_semantic,pk_06577,1,0.40505802631378174,0.40505802631378174,0.0,0.40505802631378174,,
analyze sales data and find business insights,minilm_semantic,pk_04279,2,0.2697077989578247,0.2697077989578247,0.0,0.2697077989578247,,
analyze sales data and find business insights,minilm_semantic,pk_17052,3,0.17616772651672363,0.17616772651672363,0.0,0.17616772651672363,,
analyze sales data and find business insights,minilm_semantic,pk_17324,4,0.16353857517242432,0.16353857517242432,0.0,0.16353857517242432,,
analyze sales data and find business insights,minilm_semantic,pk_03414,5,0.16049736738204956,0.16049736738204956,0.0,0.16049736738204956,,
analyze sales data and find business insights,minilm_semantic,pk_01166,6,0.15981042385101318,0.15981042385101318,0.0,0.15981042385101318,,
analyze sales data and find business insights,minilm_semantic,pk_11422,7,0.1528911590576172,0.1528911590576172,0.0,0.1528911590576172,,
analyze sales data and find business insights,minilm_semantic,pk_00351,8,0.13194072246551514,0.13194072246551514,0.0,0.13194072246551514,,
analyze sales data and find business insights,minilm_semantic,pk_05384,9,0.13008522987365723,0.13008522987365723,0.0,0.13008522987365723,,
analyze sales data and find business insights,minilm_semantic,pk_08485,10,0.12354010343551636,0.12354010343551636,0.0,0.12354010343551636,,
analyze sales data and find business insights,minilm_semantic_reranker_minilm,pk_06577,1,1.0,0.40505802631378174,0.0,0.40505802631378174,1.0,
analyze sales data and find business insights,minilm_semantic_reranker_minilm,pk_17324,2,0.7646419486163629,0.16353857517242432,0.0,0.16353857517242432,0.7646419486163629,
analyze sales data and find business insights,minilm_semantic_reranker_minilm,pk_03414,3,0.7315692856031041,0.16049736738204956,0.0,0.16049736738204956,0.7315692856031041,
analyze sales data and find business insights,minilm_semantic_reranker_minilm,pk_09892,4,0.7034925075663808,0.03302425146102905,0.0,0.03302425146102905,0.7034925075663808,
analyze sales data and find business insights,minilm_semantic_reranker_minilm,pk_01323,5,0.6954971483712287,-0.008065223693847656,0.0,-0.008065223693847656,0.6954971483712287,
analyze sales data and find business insights,minilm_semantic_reranker_minilm,pk_10194,6,0.6776473659969883,0.09618407487869263,0.0,0.09618407487869263,0.6776473659969883,
analyze sales data and find business insights,minilm_semantic_reranker_minilm,pk_15607,7,0.6456522923527077,0.08240604400634766,0.0,0.08240604400634766,0.6456522923527077,
analyze sales data and find business insights,minilm_semantic_reranker_minilm,pk_04279,8,0.6398824562669939,0.2697077989578247,0.0,0.2697077989578247,0.6398824562669939,
analyze sales data and find business insights,minilm_semantic_reranker_minilm,pk_02914,9,0.6053147512032881,0.05760771036148071,0.0,0.05760771036148071,0.6053147512032881,
analyze sales data and find business insights,minilm_semantic_reranker_minilm,pk_09648,10,0.5793595263983271,0.006741881370544434,0.0,0.006741881370544434,0.5793595263983271,
analyze sales data and find business insights,minilm_semantic_reranker_tinybert,pk_06577,1,1.0,0.40505802631378174,0.0,0.40505802631378174,1.0,
analyze sales data and find business insights,minilm_semantic_reranker_tinybert,pk_10194,2,0.8540255555691487,0.09618407487869263,0.0,0.09618407487869263,0.8540255555691487,
analyze sales data and find business insights,minilm_semantic_reranker_tinybert,pk_17324,3,0.843385729383398,0.16353857517242432,0.0,0.16353857517242432,0.843385729383398,
analyze sales data and find business insights,minilm_semantic_reranker_tinybert,pk_04279,4,0.8412396063099961,0.2697077989578247,0.0,0.2697077989578247,0.8412396063099961,
analyze sales data and find business insights,minilm_semantic_reranker_tinybert,pk_01323,5,0.7842193236211281,-0.008065223693847656,0.0,-0.008065223693847656,0.7842193236211281,
analyze sales data and find business insights,minilm_semantic_reranker_tinybert,pk_03414,6,0.7547884357095411,0.16049736738204956,0.0,0.16049736738204956,0.7547884357095411,
analyze sales data and find business insights,minilm_semantic_reranker_tinybert,pk_09648,7,0.6682264407425276,0.006741881370544434,0.0,0.006741881370544434,0.6682264407425276,
analyze sales data and find business insights,minilm_semantic_reranker_tinybert,pk_05384,8,0.6237327926955611,0.13008522987365723,0.0,0.13008522987365723,0.6237327926955611,
analyze sales data and find business insights,minilm_semantic_reranker_tinybert,pk_09892,9,0.6134204390703262,0.03302425146102905,0.0,0.03302425146102905,0.6134204390703262,
analyze sales data and find business insights,minilm_semantic_reranker_tinybert,pk_04950,10,0.6114126036944697,0.11603379249572754,0.0,0.11603379249572754,0.6114126036944697,
analyze sales data and find business insights,minilm_semantic_reranker_metadata_minilm,pk_06577,1,0.9987356011676753,0.40505802631378174,0.0,0.40505802631378174,1.0,0.9915706744511691
analyze sales data and find business insights,minilm_semantic_reranker_metadata_minilm,pk_17324,2,0.7577287892847178,0.16353857517242432,0.0,0.16353857517242432,0.7646419486163629,0.7185542197387287
analyze sales data and find business insights,minilm_semantic_reranker_metadata_minilm,pk_01323,3,0.7276355583970625,-0.008065223693847656,0.0,-0.008065223693847656,0.6954971483712287,0.9097532152101213
analyze sales data and find business insights,minilm_semantic_reranker_metadata_minilm,pk_10194,4,0.7153407960016017,0.09618407487869263,0.0,0.09618407487869263,0.6776473659969883,0.9289368993610777
analyze sales data and find business insights,minilm_semantic_reranker_metadata_minilm,pk_09892,5,0.7012667448494839,0.03302425146102905,0.0,0.03302425146102905,0.7034925075663808,0.6886540894537353
analyze sales data and find business insights,minilm_semantic_reranker_metadata_minilm,pk_02914,6,0.6496487381924774,0.05760771036148071,0.0,0.05760771036148071,0.6053147512032881,0.9008746644645499
analyze sales data and find business insights,minilm_semantic_reranker_metadata_minilm,pk_15607,7,0.6418154464813308,0.08240604400634766,0.0,0.08240604400634766,0.6456522923527077,0.6200733198768612
analyze sales data and find business insights,minilm_semantic_reranker_metadata_minilm,pk_04279,8,0.6390678341956106,0.2697077989578247,0.0,0.2697077989578247,0.6398824562669939,0.6344516424577725
analyze sales data and find business insights,minilm_semantic_reranker_metadata_minilm,pk_03414,9,0.6368839376765785,0.16049736738204956,0.0,0.16049736738204956,0.7315692856031041,0.10033363275960037
analyze sales data and find business insights,minilm_semantic_reranker_metadata_minilm,pk_05384,10,0.625794214912157,0.13008522987365723,0.0,0.13008522987365723,0.5713175497925664,0.9344953172565039
analyze sales data and find business insights,minilm_semantic_reranker_metadata_tinybert,pk_06577,1,0.9987356011676753,0.40505802631378174,0.0,0.40505802631378174,1.0,0.9915706744511691
analyze sales data and find business insights,minilm_semantic_reranker_metadata_tinybert,pk_10194,2,0.865262257137938,0.09618407487869263,0.0,0.09618407487869263,0.8540255555691487,0.9289368993610777
analyze sales data and find business insights,minilm_semantic_reranker_metadata_tinybert,pk_17324,3,0.8246610029366975,0.16353857517242432,0.0,0.16353857517242432,0.843385729383398,0.7185542197387287
analyze sales data and find business insights,minilm_semantic_reranker_metadata_tinybert,pk_04279,4,0.8102214117321626,0.2697077989578247,0.0,0.2697077989578247,0.8412396063099961,0.6344516424577725
analyze sales data and find business insights,minilm_semantic_reranker_metadata_tinybert,pk_01323,5,0.803049407359477,-0.008065223693847656,0.0,-0.008065223693847656,0.7842193236211281,0.9097532152101213
analyze sales data and find business insights,minilm_semantic_reranker_metadata_tinybert,pk_05384,6,0.6703471713797025,0.13008522987365723,0.0,0.13008522987365723,0.6237327926955611,0.9344953172565039
analyze sales data and find business insights,minilm_semantic_reranker_metadata_tinybert,pk_09648,7,0.6642140115783162,0.006741881370544434,0.0,0.006741881370544434,0.6682264407425276,0.6414769129811179
analyze sales data and find business insights,minilm_semantic_reranker_metadata_tinybert,pk_03414,8,0.65662021526705,0.16049736738204956,0.0,0.16049736738204956,0.7547884357095411,0.10033363275960037
analyze sales data and find business insights,minilm_semantic_reranker_metadata_tinybert,pk_09892,9,0.6247054866278375,0.03302425146102905,0.0,0.03302425146102905,0.6134204390703262,0.6886540894537353
analyze sales data and find business insights,minilm_semantic_reranker_metadata_tinybert,pk_04950,10,0.6131885744188369,0.11603379249572754,0.0,0.11603379249572754,0.6114126036944697,0.6232524085235844
analyze sales data and find business insights,minilm_hybrid,pk_06577,1,0.8371049036663678,1.0,0.45701634555455967,0.8371049036663678,,
analyze sales data and find business insights,minilm_hybrid,pk_03414,2,0.5773631180447297,0.39623302577818537,1.0,0.5773631180447297,,
analyze sales data and find business insights,minilm_hybrid,pk_04279,3,0.4660948481594221,0.6658497830848887,0.0,0.4660948481594221,,
analyze sales data and find business insights,minilm_hybrid,pk_17324,4,0.43226043842917367,0.40374110509721817,0.49880554953706985,0.43226043842917367,,
analyze sales data and find business insights,minilm_hybrid,pk_04950,5,0.3152044076568958,0.2864621485264458,0.3822696789612791,0.3152044076568958,,
analyze sales data and find business insights,minilm_hybrid,pk_17052,6,0.3044438094066494,0.43491972772378484,0.0,0.3044438094066494,,
analyze sales data and find business insights,minilm_hybrid,pk_04363,7,0.2800143757948572,0.2746889009683411,0.292440483723395,0.2800143757948572,,
analyze sales data and find business insights,minilm_hybrid,pk_01166,8,0.276175978325264,0.39453711189323437,0.0,0.276175978325264,,
analyze sales data and find business insights,minilm_hybrid,pk_10194,9,0.26449499123110176,0.23745752121989255,0.32758242125725673,0.26449499123110176,,
analyze sales data and find business insights,minilm_hybrid,pk_11422,10,0.2642184684359892,0.377454954908556,0.0,0.2642184684359892,,
analyze sales data and find business insights,minilm_hybrid_reranker_minilm,pk_06577,1,1.0,1.0,0.45701634555455967,0.8371049036663678,1.0,
analyze sales data and find business insights,minilm_hybrid_reranker_minilm,pk_17324,2,0.8011886718817779,0.40374110509721817,0.49880554953706985,0.43226043842917367,0.8011886718817779,
analyze sales data and find business insights,minilm_hybrid_reranker_minilm,pk_03414,3,0.7732515776569677,0.39623302577818537,1.0,0.5773631180447297,0.7732515776569677,
analyze sales data and find business insights,minilm_hybrid_reranker_minilm,pk_09892,4,0.7495346004898565,0.08152968047952351,0.0,0.05707077633566646,0.7495346004898565,
analyze sales data and find business insights,minilm_hybrid_reranker_minilm,pk_01323,5,0.7427807717126994,-0.019911279791799165,0.4449791078413083,0.11955583649813306,0.7427807717126994,
analyze sales data and find business insights,minilm_hybrid_reranker_minilm,pk_10194,6,0.727702728197377,0.23745752121989255,0.32758242125725673,0.26449499123110176,0.727702728197377,
analyze sales data and find business insights,minilm_hybrid_reranker_minilm,pk_15607,7,0.700675893776101,0.20344256539311503,0.3681725811509184,0.252861570120456,0.700675893776101,
analyze sales data and find business insights,minilm_hybrid_reranker_minilm,pk_15064,8,0.6976052120173215,0.0,0.31147570091244803,0.09344271027373441,0.6976052120173215,
analyze sales data and find business insights,minilm_hybrid_reranker_minilm,pk_04279,9,0.6958020058063394,0.6658497830848887,0.0,0.4660948481594221,0.6958020058063394,
analyze sales data and find business insights,minilm_hybrid_reranker_minilm,pk_02914,10,0.6666020217254375,0.14222088347622175,0.0,0.09955461843335522,0.6666020217254375,
analyze sales data and find business insights,minilm_hybrid_reranker_tinybert,pk_06577,1,1.0,1.0,0.45701634555455967,0.8371049036663678,1.0,
analyze sales data and find business insights,minilm_hybrid_reranker_tinybert,pk_10194,2,0.8597303463777779,0.23745752121989255,0.32758242125725673,0.26449499123110176,0.8597303463777779,
analyze sales data and find business insights,minilm_hybrid_reranker_tinybert,pk_17324,3,0.8495063325821105,0.40374110509721817,0.49880554953706985,0.43226043842917367,0.8495063325821105,
analyze sales data and find business insights,minilm_hybrid_reranker_tinybert,pk_04279,4,0.8474440816085893,0.6658497830848887,0.0,0.4660948481594221,0.8474440816085893,
analyze sales data and find business insights,minilm_hybrid_reranker_tinybert,pk_01323,5,0.7926521943478195,-0.019911279791799165,0.4449791078413083,0.11955583649813306,0.7926521943478195,
analyze sales data and find business insights,minilm_hybrid_reranker_tinybert,pk_03414,6,0.7643714749217846,0.39623302577818537,1.0,0.5773631180447297,0.7643714749217846,
analyze sales data and find business insights,minilm_hybrid_reranker_tinybert,pk_03144,7,0.7316227989561235,0.0,0.39935272106348946,0.11980581631904683,0.7316227989561235,
analyze sales data and find business insights,minilm_hybrid_reranker_tinybert,pk_09648,8,0.6811924003581149,0.016644235967618565,0.3635615700222474,0.12071943618400723,0.6811924003581149,
analyze sales data and find business insights,minilm_hybrid_reranker_tinybert,pk_15064,9,0.6677723126849001,0.0,0.31147570091244803,0.09344271027373441,0.6677723126849001,
analyze sales data and find business insights,minilm_hybrid_reranker_tinybert,pk_19463,10,0.6399117202108746,0.0,0.313153210977832,0.0939459632933496,0.6399117202108746,
analyze sales data and find business insights,minilm_hybrid_reranker_metadata_minilm,pk_06577,1,0.9970309121996028,1.0,0.45701634555455967,0.8371049036663678,1.0,0.9802060813306854
analyze sales data and find business insights,minilm_hybrid_reranker_metadata_minilm,pk_17324,2,0.7882418381235593,0.40374110509721817,0.49880554953706985,0.43226043842917367,0.8011886718817779,0.7148764468269869
analyze sales data and find business insights,minilm_hybrid_reranker_metadata_minilm,pk_01323,3,0.766467486738649,-0.019911279791799165,0.4449791078413083,0.11955583649813306,0.7427807717126994,0.9006922052190297
analyze sales data and find business insights,minilm_hybrid_reranker_metadata_minilm,pk_10194,4,0.7564476844372808,0.23745752121989255,0.32758242125725673,0.26449499123110176,0.727702728197377,0.9193357697967355
analyze sales data and find business insights,minilm_hybrid_reranker_metadata_minilm,pk_15064,5,0.7411930456425415,0.0,0.31147570091244803,0.09344271027373441,0.6976052120173215,0.9881907695187888
analyze sales data and find business insights,minilm_hybrid_reranker_metadata_minilm,pk_09892,6,0.739977134311654,0.08152968047952351,0.0,0.05707077633566646,0.7495346004898565,0.6858181593018402
analyze sales data and find business insights,minilm_hybrid_reranker_metadata_minilm,pk_02914,7,0.7004212631815947,0.14222088347622175,0.0,0.09955461843335522,0.6666020217254375,0.8920636314331521
analyze sales data and find business insights,minilm_hybrid_reranker_metadata_minilm,pk_01768,8,0.6970884172518117,0.0,0.3357892636824765,0.10073677910474295,0.648665392438814,0.9714855578587984
analyze sales data and find business insights,minilm_hybrid_reranker_metadata_minilm,pk_15607,9,0.6884497534833076,0.20344256539311503,0.3681725811509184,0.252861570120456,0.700675893776101,0.6191682918241449
analyze sales data and find business insights,minilm_hybrid_reranker_metadata_minilm,pk_04279,10,0.6864029735141018,0.6658497830848887,0.0,0.4660948481594221,0.6958020058063394,0.633141790524755
analyze sales data and find business insights,minilm_hybrid_reranker_metadata_tinybert,pk_06577,1,0.9970309121996028,1.0,0.45701634555455967,0.8371049036663678,1.0,0.9802060813306854
analyze sales data and find business insights,minilm_hybrid_reranker_metadata_tinybert,pk_10194,2,0.8686711598906215,0.23745752121989255,0.32758242125725673,0.26449499123110176,0.8597303463777779,0.9193357697967355
analyze sales data and find business insights,minilm_hybrid_reranker_metadata_tinybert,pk_17324,3,0.829311849718842,0.40374110509721817,0.49880554953706985,0.43226043842917367,0.8495063325821105,0.7148764468269869
analyze sales data and find business insights,minilm_hybrid_reranker_metadata_tinybert,pk_04279,4,0.8152987379460142,0.6658497830848887,0.0,0.4660948481594221,0.8474440816085893,0.633141790524755
analyze sales data and find business insights,minilm_hybrid_reranker_metadata_tinybert,pk_01323,5,0.8088581959785011,-0.019911279791799165,0.4449791078413083,0.11955583649813306,0.7926521943478195,0.9006922052190297
analyze sales data and find business insights,minilm_hybrid_reranker_metadata_tinybert,pk_15064,6,0.7158350812099834,0.0,0.31147570091244803,0.09344271027373441,0.6677723126849001,0.9881907695187888
analyze sales data and find business insights,minilm_hybrid_reranker_metadata_tinybert,pk_03144,7,0.7145755182221403,0.0,0.39935272106348946,0.11980581631904683,0.7316227989561235,0.6179742607295691
analyze sales data and find business insights,minilm_hybrid_reranker_metadata_tinybert,pk_05384,8,0.6813826112776277,0.32115208543697776,0.0,0.22480645980588443,0.6384375974590809,0.9247376895827265
analyze sales data and find business insights,minilm_hybrid_reranker_metadata_tinybert,pk_09648,9,0.6750089298260475,0.016644235967618565,0.3635615700222474,0.12071943618400723,0.6811924003581149,0.6399692634776659
analyze sales data and find business insights,minilm_hybrid_reranker_metadata_tinybert,pk_03414,10,0.6668250469953958,0.39623302577818537,1.0,0.5773631180447297,0.7643714749217846,0.11406195541252602
analyze sales data and find business insights,bge_small_semantic,pk_06577,1,0.5840374827384949,0.5840374827384949,0.0,0.5840374827384949,,
analyze sales data and find business insights,bge_small_semantic,pk_17393,2,0.5142135918140411,0.5142135918140411,0.0,0.5142135918140411,,
analyze sales data and find business insights,bge_small_semantic,pk_03414,3,0.5132448673248291,0.5132448673248291,0.0,0.5132448673248291,,
analyze sales data and find business insights,bge_small_semantic,pk_03320,4,0.49536627531051636,0.49536627531051636,0.0,0.49536627531051636,,
analyze sales data and find business insights,bge_small_semantic,pk_10194,5,0.4823615550994873,0.4823615550994873,0.0,0.4823615550994873,,
analyze sales data and find business insights,bge_small_semantic,pk_01323,6,0.48057377338409424,0.48057377338409424,0.0,0.48057377338409424,,
analyze sales data and find business insights,bge_small_semantic,pk_04279,7,0.47596973180770874,0.47596973180770874,0.0,0.47596973180770874,,
analyze sales data and find business insights,bge_small_semantic,pk_02914,8,0.47373825311660767,0.47373825311660767,0.0,0.47373825311660767,,
analyze sales data and find business insights,bge_small_semantic,pk_04950,9,0.4715992212295532,0.4715992212295532,0.0,0.4715992212295532,,
analyze sales data and find business insights,bge_small_semantic,pk_01166,10,0.47117722034454346,0.47117722034454346,0.0,0.47117722034454346,,
analyze sales data and find business insights,bge_small_semantic_reranker_minilm,pk_06577,1,1.0,0.5840374827384949,0.0,0.5840374827384949,1.0,
analyze sales data and find business insights,bge_small_semantic_reranker_minilm,pk_17324,2,0.7888989755403802,0.4710467457771301,0.0,0.4710467457771301,0.7888989755403802,
analyze sales data and find business insights,bge_small_semantic_reranker_minilm,pk_03414,3,0.7592349253722963,0.5132448673248291,0.0,0.5132448673248291,0.7592349253722963,
analyze sales data and find business insights,bge_small_semantic_reranker_minilm,pk_01323,4,0.7268805398761122,0.48057377338409424,0.0,0.48057377338409424,0.7268805398761122,
analyze sales data and find business insights,bge_small_semantic_reranker_minilm,pk_10194,5,0.7108704338974502,0.4823615550994873,0.0,0.4823615550994873,0.7108704338974502,
analyze sales data and find business insights,bge_small_semantic_reranker_minilm,pk_15607,6,0.682172912039746,0.4635249972343445,0.0,0.4635249972343445,0.682172912039746,
analyze sales data and find business insights,bge_small_semantic_reranker_minilm,pk_04279,7,0.6769977404172002,0.47596973180770874,0.0,0.47596973180770874,0.6769977404172002,
analyze sales data and find business insights,bge_small_semantic_reranker_minilm,pk_02914,8,0.645992733750691,0.47373825311660767,0.0,0.47373825311660767,0.645992733750691,
analyze sales data and find business insights,bge_small_semantic_reranker_minilm,pk_01768,9,0.6269473360180879,0.4420253038406372,0.0,0.4420253038406372,0.6269473360180879,
analyze sales data and find business insights,bge_small_semantic_reranker_minilm,pk_09648,10,0.6227125675775106,0.4264135956764221,0.0,0.4264135956764221,0.6227125675775106,
analyze sales data and find business insights,bge_small_semantic_reranker_tinybert,pk_06577,1,1.0,0.5840374827384949,0.0,0.5840374827384949,1.0,
analyze sales data and find business insights,bge_small_semantic_reranker_tinybert,pk_10194,2,0.8568317144459059,0.4823615550994873,0.0,0.4823615550994873,0.8568317144459059,
analyze sales data and find business insights,bge_small_semantic_reranker_tinybert,pk_17324,3,0.8463964243542278,0.4710467457771301,0.0,0.4710467457771301,0.8463964243542278,
analyze sales data and find business insights,bge_small_semantic_reranker_tinybert,pk_04279,4,0.844291557559187,0.47596973180770874,0.0,0.47596973180770874,0.844291557559187,
analyze sales data and find business insights,bge_small_semantic_reranker_tinybert,pk_01323,5,0.7883674117526783,0.48057377338409424,0.0,0.48057377338409424,0.7883674117526783,
analyze sales data and find business insights,bge_small_semantic_reranker_tinybert,pk_03414,6,0.7595022923746586,0.5132448673248291,0.0,0.5132448673248291,0.7595022923746586,
analyze sales data and find business insights,bge_small_semantic_reranker_tinybert,pk_09648,7,0.6746043332703168,0.4264135956764221,0.0,0.4264135956764221,0.6746043332703168,
analyze sales data and find business insights,bge_small_semantic_reranker_tinybert,pk_05384,8,0.6309660147018293,0.42341476678848267,0.0,0.42341476678848267,0.6309660147018293,
analyze sales data and find business insights,bge_small_semantic_reranker_tinybert,pk_04950,9,0.6188826644697671,0.4715992212295532,0.0,0.4715992212295532,0.6188826644697671,
analyze sales data and find business insights,bge_small_semantic_reranker_tinybert,pk_17719,10,0.6048525628558208,0.452503502368927,0.0,0.452503502368927,0.6048525628558208,
analyze sales data and find business insights,bge_small_semantic_reranker_metadata_minilm,pk_06577,1,0.990388036225627,0.5840374827384949,0.0,0.5840374827384949,1.0,0.93592024150418
analyze sales data and find business insights,bge_small_semantic_reranker_metadata_minilm,pk_17324,2,0.7734999206742263,0.4710467457771301,0.0,0.4710467457771301,0.7888989755403802,0.6862386097660208
analyze sales data and find business insights,bge_small_semantic_reranker_metadata_minilm,pk_01323,3,0.7470128217617926,0.48057377338409424,0.0,0.48057377338409424,0.7268805398761122,0.8610957524473147
analyze sales data and find business insights,bge_small_semantic_reranker_metadata_minilm,pk_10194,4,0.7360358387564732,0.4823615550994873,0.0,0.4823615550994873,0.7108704338974502,0.8786397996242704
analyze sales data and find business insights,bge_small_semantic_reranker_metadata_minilm,pk_02914,5,0.6770402319231318,0.47373825311660767,0.0,0.47373825311660767,0.645992733750691,0.852976054900296
analyze sales data and find business insights,bge_small_semantic_reranker_metadata_minilm,pk_01768,6,0.6720623381757077,0.4420253038406372,0.0,0.4420253038406372,0.6269473360180879,0.9277140170688867
analyze sales data and find business insights,bge_small_semantic_reranker_metadata_minilm,pk_15607,7,0.6692732118633649,0.4635249972343445,0.0,0.4635249972343445,0.682172912039746,0.5961749108638721
analyze sales data and find business insights,bge_small_semantic_reranker_metadata_minilm,pk_04279,8,0.6668467262446599,0.47596973180770874,0.0,0.47596973180770874,0.6769977404172002,0.609324312600265
analyze sales data and find business insights,bge_small_semantic_reranker_metadata_minilm,pk_03414,9,0.6634783232243386,0.5132448673248291,0.0,0.5132448673248291,0.7592349253722963,0.12085757771924528
analyze sales data and find business insights,bge_small_semantic_reranker_metadata_minilm,pk_02936,10,0.6562346329190152,0.46405112743377686,0.0,0.46405112743377686,0.6083909672047288,0.927348738633305
analyze sales data and find business insights,bge_small_semantic_reranker_metadata_tinybert,pk_06577,1,0.990388036225627,0.5840374827384949,0.0,0.5840374827384949,1.0,0.93592024150418
analyze sales data and find business insights,bge_small_semantic_reranker_metadata_tinybert,pk_10194,2,0.8601029272226606,0.4823615550994873,0.0,0.4823615550994873,0.8568317144459059,0.8786397996242704
analyze sales data and find business insights,bge_small_semantic_reranker_metadata_tinybert,pk_17324,3,0.8223727521659967,0.4710467457771301,0.0,0.4710467457771301,0.8463964243542278,0.6862386097660208
analyze sales data and find business insights,bge_small_semantic_reranker_metadata_tinybert,pk_04279,4,0.8090464708153486,0.47596973180770874,0.0,0.47596973180770874,0.844291557559187,0.609324312600265
analyze sales data and find business insights,bge_small_semantic_reranker_metadata_tinybert,pk_01323,5,0.7992766628568737,0.48057377338409424,0.0,0.48057377338409424,0.7883674117526783,0.8610957524473147
analyze sales data and find business insights,bge_small_semantic_reranker_metadata_tinybert,pk_05384,6,0.6688795831023667,0.42341476678848267,0.0,0.42341476678848267,0.6309660147018293,0.883723137372079
analyze sales data and find business insights,bge_small_semantic_reranker_metadata_tinybert,pk_09648,7,0.6657760528561495,0.4264135956764221,0.0,0.4264135956764221,0.6746043332703168,0.6157491305092014
analyze sales data and find business insights,bge_small_semantic_reranker_metadata_tinybert,pk_03414,8,0.6637055851763466,0.5132448673248291,0.0,0.5132448673248291,0.7595022923746586,0.12085757771924528
analyze sales data and find business insights,bge_small_semantic_reranker_metadata_tinybert,pk_17719,9,0.6427899086683606,0.452503502368927,0.0,0.452503502368927,0.6048525628558208,0.8577682016060861
analyze sales data and find business insights,bge_small_semantic_reranker_metadata_tinybert,pk_04950,10,0.615912607033721,0.4715992212295532,0.0,0.4715992212295532,0.6188826644697671,0.5990822815627928
analyze sales data and find business insights,bge_small_hybrid,pk_03414,1,0.9151512835148725,0.8787875478783894,1.0,0.9151512835148725,,
analyze sales data and find business insights,bge_small_hybrid,pk_06577,2,0.8371049036663678,1.0,0.45701634555455967,0.8371049036663678,,
analyze sales data and find business insights,bge_small_hybrid,pk_18958,3,0.7187242914602675,0.7772253022215695,0.5822219330172297,0.7187242914602675,,
analyze sales data and find business insights,bge_small_hybrid,pk_17324,4,0.7142162543171032,0.8065351277942604,0.49880554953706985,0.7142162543171032,,
analyze sales data and find business insights,bge_small_hybrid,pk_01323,5,0.7094869713334102,0.8228474842585969,0.4449791078413083,0.7094869713334102,,
analyze sales data and find business insights,bge_small_hybrid,pk_04950,6,0.679917664371601,0.8074810866903104,0.3822696789612791,0.679917664371601,,
analyze sales data and find business insights,bge_small_hybrid,pk_10194,7,0.6764107168728875,0.8259085578510149,0.32758242125725673,0.6764107168728875,,
analyze sales data and find business insights,bge_small_hybrid,pk_15607,8,0.6660111479365811,0.7936562479875794,0.3681725811509184,0.6660111479365811,,
analyze sales data and find business insights,bge_small_hybrid,pk_13599,9,0.655461881527637,0.7243581507131228,0.49470392009483655,0.655461881527637,,
analyze sales data and find business insights,bge_small_hybrid,pk_01768,10,0.630527626153834,0.7568440672129871,0.3357892636824765,0.630527626153834,,
analyze sales data and find business insights,bge_small_hybrid_reranker_minilm,pk_06577,1,1.0,1.0,0.45701634555455967,0.8371049036663678,1.0,
analyze sales data and find business insights,bge_small_hybrid_reranker_minilm,pk_17324,2,0.8011886718817779,0.8065351277942604,0.49880554953706985,0.7142162543171032,0.8011886718817779,
analyze sales data and find business insights,bge_small_hybrid_reranker_minilm,pk_03414,3,0.7732515776569677,0.8787875478783894,1.0,0.9151512835148725,0.7732515776569677,
analyze sales data and find business insights,bge_small_hybrid_reranker_minilm,pk_01323,4,0.7427807717126994,0.8228474842585969,0.4449791078413083,0.7094869713334102,0.7427807717126994,
analyze sales data and find business insights,bge_small_hybrid_reranker_minilm,pk_10194,5,0.727702728197377,0.8259085578510149,0.32758242125725673,0.6764107168728875,0.727702728197377,
analyze sales data and find business insights,bge_small_hybrid_reranker_minilm,pk_15607,6,0.700675893776101,0.7936562479875794,0.3681725811509184,0.6660111479365811,0.700675893776101,
analyze sales data and find business insights,bge_small_hybrid_reranker_minilm,pk_15064,7,0.6976052120173215,0.0,0.31147570091244803,0.09344271027373441,0.6976052120173215,
analyze sales data and find business insights,bge_small_hybrid_reranker_minilm,pk_04279,8,0.6958020058063394,0.8149643573832506,0.0,0.5704750501682754,0.6958020058063394,
analyze sales data and find business insights,bge_small_hybrid_reranker_minilm,pk_02914,9,0.6666020217254375,0.8111435774555001,0.0,0.5678005042188501,0.6666020217254375,
analyze sales data and find business insights,bge_small_hybrid_reranker_minilm,pk_19463,10,0.6520538932729142,0.0,0.313153210977832,0.0939459632933496,0.6520538932729142,
analyze sales data and find business insights,bge_small_hybrid_reranker_tinybert,pk_06577,1,1.0,1.0,0.45701634555455967,0.8371049036663678,1.0,
analyze sales data and find business insights,bge_small_hybrid_reranker_tinybert,pk_10194,2,0.8593550610339448,0.8259085578510149,0.32758242125725673,0.6764107168728875,0.8593550610339448,
analyze sales data and find business insights,bge_small_hybrid_reranker_tinybert,pk_17324,3,0.8491036933350377,0.8065351277942604,0.49880554953706985,0.7142162543171032,0.8491036933350377,
analyze sales data and find business insights,bge_small_hybrid_reranker_tinybert,pk_04279,4,0.8470359248989314,0.8149643573832506,0.0,0.5704750501682754,0.8470359248989314,
analyze sales data and find business insights,bge_small_hybrid_reranker_tinybert,pk_01323,5,0.7920974443322047,0.8228474842585969,0.4449791078413083,0.7094869713334102,0.7920974443322047,
analyze sales data and find business insights,bge_small_hybrid_reranker_tinybert,pk_03414,6,0.7637410610741179,0.8787875478783894,1.0,0.9151512835148725,0.7637410610741179,
analyze sales data and find business insights,bge_small_hybrid_reranker_tinybert,pk_03144,7,0.730904767453444,0.0,0.39935272106348946,0.11980581631904683,0.730904767453444,
analyze sales data and find business insights,bge_small_hybrid_reranker_tinybert,pk_09648,8,0.6803394445222759,0.7301134058673945,0.3635615700222474,0.6201478551138504,0.6803394445222759,
analyze sales data and find business insights,bge_small_hybrid_reranker_tinybert,pk_15064,9,0.6668834519894805,0.0,0.31147570091244803,0.09344271027373441,0.6668834519894805,
analyze sales data and find business insights,bge_small_hybrid_reranker_tinybert,pk_19463,10,0.6389483197147496,0.0,0.313153210977832,0.0939459632933496,0.6389483197147496,
analyze sales data and find business insights,bge_small_hybrid_reranker_metadata_minilm,pk_06577,1,0.990388036225627,1.0,0.45701634555455967,0.8371049036663678,1.0,0.93592024150418
analyze sales data and find business insights,bge_small_hybrid_reranker_metadata_minilm,pk_17324,2,0.7839461625644144,0.8065351277942604,0.49880554953706985,0.7142162543171032,0.8011886718817779,0.6862386097660208
analyze sales data and find business insights,bge_small_hybrid_reranker_metadata_minilm,pk_01323,3,0.7605280188228917,0.8228474842585969,0.4449791078413083,0.7094869713334102,0.7427807717126994,0.8610957524473147
analyze sales data and find business insights,bge_small_hybrid_reranker_metadata_minilm,pk_10194,4,0.750343288911411,0.8259085578510149,0.32758242125725673,0.6764107168728875,0.727702728197377,0.8786397996242704
analyze sales data and find business insights,bge_small_hybrid_reranker_metadata_minilm,pk_15064,5,0.7344795342739839,0.0,0.31147570091244803,0.09344271027373441,0.6976052120173215,0.943434027061738
analyze sales data and find business insights,bge_small_hybrid_reranker_metadata_minilm,pk_02914,6,0.6945581267016663,0.8111435774555001,0.0,0.5678005042188501,0.6666020217254375,0.852976054900296
analyze sales data and find business insights,bge_small_hybrid_reranker_metadata_minilm,pk_01768,7,0.6905226861333249,0.7568440672129871,0.3357892636824765,0.630527626153834,0.648665392438814,0.9277140170688867
analyze sales data and find business insights,bge_small_hybrid_reranker_metadata_minilm,pk_15607,8,0.6850007463392667,0.7936562479875794,0.3681725811509184,0.6660111479365811,0.700675893776101,0.5961749108638721
analyze sales data and find business insights,bge_small_hybrid_reranker_metadata_minilm,pk_04279,9,0.6828303518254283,0.8149643573832506,0.0,0.5704750501682754,0.6958020058063394,0.609324312600265
analyze sales data and find business insights,bge_small_hybrid_reranker_metadata_minilm,pk_02936,10,0.6756132346734773,0.7945570980442664,0.0,0.5561899686309865,0.6311893222099784,0.927348738633305
analyze sales data and find business insights,bge_small_hybrid_reranker_metadata_tinybert,pk_06577,1,0.990388036225627,1.0,0.45701634555455967,0.8371049036663678,1.0,0.93592024150418
analyze sales data and find business insights,bge_small_hybrid_reranker_metadata_tinybert,pk_10194,2,0.8622477718224937,0.8259085578510149,0.32758242125725673,0.6764107168728875,0.8593550610339448,0.8786397996242704
analyze sales data and find business insights,bge_small_hybrid_reranker_metadata_tinybert,pk_17324,3,0.8246739307996851,0.8065351277942604,0.49880554953706985,0.7142162543171032,0.8491036933350377,0.6862386097660208
analyze sales data and find business insights,bge_small_hybrid_reranker_metadata_tinybert,pk_04279,4,0.8113791830541315,0.8149643573832506,0.0,0.5704750501682754,0.8470359248989314,0.609324312600265
analyze sales data and find business insights,bge_small_hybrid_reranker_metadata_tinybert,pk_01323,5,0.8024471905494712,0.8228474842585969,0.4449791078413083,0.7094869713334102,0.7920974443322047,0.8610957524473147
analyze sales data and find business insights,bge_small_hybrid_reranker_metadata_tinybert,pk_03144,6,0.7105267471250075,0.0,0.39935272106348946,0.11980581631904683,0.730904767453444,0.5950512985972007
analyze sales data and find business insights,bge_small_hybrid_reranker_metadata_tinybert,pk_15064,7,0.7083660382503192,0.0,0.31147570091244803,0.09344271027373441,0.6668834519894805,0.943434027061738
analyze sales data and find business insights,bge_small_hybrid_reranker_metadata_tinybert,pk_05384,8,0.6744081856658346,0.7249787544510535,0.0,0.5074851281157374,0.6374702530117915,0.883723137372079
analyze sales data and find business insights,bge_small_hybrid_reranker_metadata_tinybert,pk_09648,9,0.6706508974203147,0.7301134058673945,0.3635615700222474,0.6201478551138504,0.6803394445222759,0.6157491305092014
analyze sales data and find business insights,bge_small_hybrid_reranker_metadata_tinybert,pk_03414,10,0.6673085385708869,0.8787875478783894,1.0,0.9151512835148725,0.7637410610741179,0.12085757771924528
analyze sales data and find business insights,bge_small_keyword,pk_03414,1,0.46741512721726325,0.0,0.46741512721726325,0.46741512721726325,,
analyze sales data and find business insights,bge_small_keyword,pk_18958,2,0.27213933888992936,0.0,0.27213933888992936,0.27213933888992936,,
analyze sales data and find business insights,bge_small_keyword,pk_17324,3,0.23314925939354642,0.0,0.23314925939354642,0.23314925939354642,,
analyze sales data and find business insights,bge_small_keyword,pk_06455,4,0.2316345877252581,0.0,0.2316345877252581,0.2316345877252581,,
analyze sales data and find business insights,bge_small_keyword,pk_13599,5,0.23123209574600687,0.0,0.23123209574600687,0.23123209574600687,,
analyze sales data and find business insights,bge_small_keyword,pk_06577,6,0.21361635329775325,0.0,0.21361635329775325,0.21361635329775325,,
analyze sales data and find business insights,bge_small_keyword,pk_01323,7,0.2079899663006694,0.0,0.2079899663006694,0.2079899663006694,,
analyze sales data and find business insights,bge_small_keyword,pk_19449,8,0.19961391253809393,0.0,0.19961391253809393,0.19961391253809393,,
analyze sales data and find business insights,bge_small_keyword,pk_17345,9,0.19747578732990909,0.0,0.19747578732990909,0.19747578732990909,,
analyze sales data and find business insights,bge_small_keyword,pk_03144,10,0.18666350292045117,0.0,0.18666350292045117,0.18666350292045117,,
explain how to remove a computer virus safely,minilm_semantic,pk_11655,1,0.21682727336883545,0.21682727336883545,0.0,0.21682727336883545,,
explain how to remove a computer virus safely,minilm_semantic,pk_04225,2,0.15519094467163086,0.15519094467163086,0.0,0.15519094467163086,,
explain how to remove a computer virus safely,minilm_semantic,pk_15211,3,0.06220787763595581,0.06220787763595581,0.0,0.06220787763595581,,
explain how to remove a computer virus safely,minilm_semantic,pk_10079,4,0.05961155891418457,0.05961155891418457,0.0,0.05961155891418457,,
explain how to remove a computer virus safely,minilm_semantic,pk_16608,5,0.03606516122817993,0.03606516122817993,0.0,0.03606516122817993,,
explain how to remove a computer virus safely,minilm_semantic,pk_19046,6,0.03157299757003784,0.03157299757003784,0.0,0.03157299757003784,,
explain how to remove a computer virus safely,minilm_semantic,pk_10807,7,0.015545368194580078,0.015545368194580078,0.0,0.015545368194580078,,
explain how to remove a computer virus safely,minilm_semantic,pk_15535,8,-0.007122397422790527,-0.007122397422790527,0.0,-0.007122397422790527,,
explain how to remove a computer virus safely,minilm_semantic,pk_13395,9,-0.009416818618774414,-0.009416818618774414,0.0,-0.009416818618774414,,
explain how to remove a computer virus safely,minilm_semantic,pk_12100,10,-0.013261079788208008,-0.013261079788208008,0.0,-0.013261079788208008,,
explain how to remove a computer virus safely,minilm_semantic_reranker_minilm,pk_11470,1,1.0,-0.20136809349060059,0.0,-0.20136809349060059,1.0,
explain how to remove a computer virus safely,minilm_semantic_reranker_minilm,pk_13395,2,0.9818476569267783,-0.009416818618774414,0.0,-0.009416818618774414,0.9818476569267783,
explain how to remove a computer virus safely,minilm_semantic_reranker_minilm,pk_10807,3,0.857451079579797,0.015545368194580078,0.0,0.015545368194580078,0.857451079579797,
explain how to remove a computer virus safely,minilm_semantic_reranker_minilm,pk_11655,4,0.7286592311034606,0.21682727336883545,0.0,0.21682727336883545,0.7286592311034606,
explain how to remove a computer virus safely,minilm_semantic_reranker_minilm,pk_04225,5,0.6083921458827386,0.15519094467163086,0.0,0.15519094467163086,0.6083921458827386,
explain how to remove a computer virus safely,minilm_semantic_reranker_minilm,pk_06786,6,0.42659386519168896,-0.2858062982559204,0.0,-0.2858062982559204,0.42659386519168896,
explain how to remove a computer virus safely,minilm_semantic_reranker_minilm,pk_03791,7,0.34811425413008174,-0.07909154891967773,0.0,-0.07909154891967773,0.34811425413008174,
explain how to remove a computer virus safely,minilm_semantic_reranker_minilm,pk_13483,8,0.2824906062694213,-0.16512489318847656,0.0,-0.16512489318847656,0.2824906062694213,
explain how to remove a computer virus safely,minilm_semantic_reranker_minilm,pk_01028,9,0.24910948915703307,-0.14383113384246826,0.0,-0.14383113384246826,0.24910948915703307,
explain how to remove a computer virus safely,minilm_semantic_reranker_minilm,pk_15489,10,0.24436066240956636,-0.1505376100540161,0.0,-0.1505376100540161,0.24436066240956636,
explain how to remove a computer virus safely,minilm_semantic_reranker_tinybert,pk_11470,1,1.0,-0.20136809349060059,0.0,-0.20136809349060059,1.0,
explain how to remove a computer virus safely,minilm_semantic_reranker_tinybert,pk_04225,2,0.8847844542158123,0.15519094467163086,0.0,0.15519094467163086,0.8847844542158123,
explain how to remove a computer virus safely,minilm_semantic_reranker_tinybert,pk_13395,3,0.8578808867586275,-0.009416818618774414,0.0,-0.009416818618774414,0.8578808867586275,
explain how to remove a computer virus safely,minilm_semantic_reranker_tinybert,pk_11655,4,0.85209483531315,0.21682727336883545,0.0,0.21682727336883545,0.85209483531315,
explain how to remove a computer virus safely,minilm_semantic_reranker_tinybert,pk_19046,5,0.7603329043396272,0.03157299757003784,0.0,0.03157299757003784,0.7603329043396272,
explain how to remove a computer virus safely,minilm_semantic_reranker_tinybert,pk_13155,6,0.6836331392087841,-0.06950020790100098,0.0,-0.06950020790100098,0.6836331392087841,
explain how to remove a computer virus safely,minilm_semantic_reranker_tinybert,pk_10807,7,0.5654069885397396,0.015545368194580078,0.0,0.015545368194580078,0.5654069885397396,
explain how to remove a computer virus safely,minilm_semantic_reranker_tinybert,pk_03791,8,0.5440252109125775,-0.07909154891967773,0.0,-0.07909154891967773,0.5440252109125775,
explain how to remove a computer virus safely,minilm_semantic_reranker_tinybert,pk_09171,9,0.5285732288711739,-0.17299222946166992,0.0,-0.17299222946166992,0.5285732288711739,
explain how to remove a computer virus safely,minilm_semantic_reranker_tinybert,pk_10858,10,0.4401413860274539,-0.23748350143432617,0.0,-0.23748350143432617,0.4401413860274539,
explain how to remove a computer virus safely,minilm_semantic_reranker_metadata_minilm,pk_11470,1,0.9252619308332092,-0.20136809349060059,0.0,-0.20136809349060059,1.0,0.5017462055547279
explain how to remove a computer virus safely,minilm_semantic_reranker_metadata_minilm,pk_13395,2,0.8345705083877616,-0.009416818618774414,0.0,-0.009416818618774414,0.9818476569267783,0.0
explain how to remove a computer virus safely,minilm_semantic_reranker_metadata_minilm,pk_10807,3,0.8097929763413287,0.015545368194580078,0.0,0.015545368194580078,0.857451079579797,0.5397303913233418
explain how to remove a computer virus safely,minilm_semantic_reranker_metadata_minilm,pk_11655,4,0.6296028143226277,0.21682727336883545,0.0,0.21682727336883545,0.7286592311034606,0.06828311923124063
explain how to remove a computer virus safely,minilm_semantic_reranker_metadata_minilm,pk_04225,5,0.5274304299419896,0.15519094467163086,0.0,0.15519094467163086,0.6083921458827386,0.06864737294441224
explain how to remove a computer virus safely,minilm_semantic_reranker_metadata_minilm,pk_03791,6,0.38060272336492845,-0.07909154891967773,0.0,-0.07909154891967773,0.34811425413008174,0.56470404902906
explain how to remove a computer virus safely,minilm_semantic_reranker_metadata_minilm,pk_06786,7,0.378069050621182,-0.2858062982559204,0.0,-0.2858062982559204,0.42659386519168896,0.10309510138830948
explain how to remove a computer virus safely,minilm_semantic_reranker_metadata_minilm,pk_16608,8,0.33281704606596063,0.03606516122817993,0.0,0.03606516122817993,0.24318482465389013,0.8407329674010268
explain how to remove a computer virus safely,minilm_semantic_reranker_metadata_minilm,pk_05791,9,0.3292304535703886,-0.2436971664428711,0.0,-0.2436971664428711,0.23298858662112643,0.8746010329495407
explain how to remove a computer virus safely,minilm_semantic_reranker_metadata_minilm,pk_13483,10,0.32490232937732166,-0.16512489318847656,0.0,-0.16512489318847656,0.2824906062694213,0.5652354269887574
explain how to remove a computer virus safely,minilm_semantic_reranker_metadata_tinybert,pk_11470,1,0.9252619308332092,-0.20136809349060059,0.0,-0.20136809349060059,1.0,0.5017462055547279
explain how to remove a computer virus safely,minilm_semantic_reranker_metadata_tinybert,pk_04225,2,0.7623638920251024,0.15519094467163086,0.0,0.15519094467163086,0.8847844542158123,0.06864737294441224
explain how to remove a computer virus safely,minilm_semantic_reranker_metadata_tinybert,pk_11655,3,0.7345230779008636,0.21682727336883545,0.0,0.21682727336883545,0.85209483531315,0.06828311923124063
explain how to remove a computer virus safely,minilm_semantic_reranker_metadata_tinybert,pk_13395,4,0.7291987537448333,-0.009416818618774414,0.0,-0.009416818618774414,0.8578808867586275,0.0
explain how to remove a computer virus safely,minilm_semantic_reranker_metadata_tinybert,pk_19046,5,0.6562685680833819,0.03157299757003784,0.0,0.03157299757003784,0.7603329043396272,0.06657066263132522
explain how to remove a computer virus safely,minilm_semantic_reranker_metadata_tinybert,pk_13155,6,0.6441430650021011,-0.06950020790100098,0.0,-0.06950020790100098,0.6836331392087841,0.42036597783089746
explain how to remove a computer virus safely,minilm_semantic_reranker_metadata_tinybert,pk_10807,7,0.5615554989572799,0.015545368194580078,0.0,0.015545368194580078,0.5654069885397396,0.5397303913233418
explain how to remove a computer virus safely,minilm_semantic_reranker_metadata_tinybert,pk_03791,8,0.5471270366300498,-0.07909154891967773,0.0,-0.07909154891967773,0.5440252109125775,0.56470404902906
explain how to remove a computer virus safely,minilm_semantic_reranker_metadata_tinybert,pk_09171,9,0.5052258636761137,-0.17299222946166992,0.0,-0.17299222946166992,0.5285732288711739,0.3729241275707725
explain how to remove a computer virus safely,minilm_semantic_reranker_metadata_tinybert,pk_10858,10,0.4482697780406832,-0.23748350143432617,0.0,-0.23748350143432617,0.4401413860274539,0.4943306661156492
explain how to remove a computer virus safely,minilm_hybrid,pk_11655,1,0.8850726657810781,1.0,0.6169088859369273,0.8850726657810781,,
explain how to remove a computer virus safely,minilm_hybrid,pk_04225,2,0.6252609486157105,0.7157353512795519,0.4141540090667474,0.6252609486157105,,
explain how to remove a computer virus safely,minilm_hybrid,pk_15211,3,0.4186865715835587,0.2869006129599605,0.7261871417052878,0.4186865715835587,,
explain how to remove a computer virus safely,minilm_hybrid,pk_10079,4,0.4073495065371868,0.27492647944145815,0.7163365697605538,0.4073495065371868,,
explain how to remove a computer virus safely,minilm_hybrid,pk_16608,5,0.34360482973410905,0.1663312952648307,0.7572430768290919,0.34360482973410905,,
explain how to remove a computer virus safely,minilm_hybrid,pk_15535,6,0.19105963000872522,-0.03284825433687453,0.7135113601484581,0.19105963000872522,,
explain how to remove a computer virus safely,minilm_hybrid,pk_12100,7,0.16477725858895856,-0.06115964833284677,0.6919633747398377,0.16477725858895856,,
explain how to remove a computer virus safely,minilm_hybrid,pk_10807,8,0.15779773786563303,0.0716947086639628,0.3587048060028636,0.15779773786563303,,
explain how to remove a computer virus safely,minilm_hybrid,pk_08518,9,0.1570231208627369,0.0,0.5234104028757897,0.1570231208627369,,
explain how to remove a computer virus safely,minilm_hybrid,pk_19046,10,0.14874710096047036,0.14561358946911807,0.15605862777362578,0.14874710096047036,,
explain how to remove a computer virus safely,minilm_hybrid_reranker_minilm,pk_11470,1,1.0,-0.9287027889155903,0.19278578272440589,-0.5922562174235915,1.0,
explain how to remove a computer virus safely,minilm_hybrid_reranker_minilm,pk_13395,2,0.9818553816467265,-0.04343004674857426,0.37900158660776156,0.08329944325832649,0.9818553816467265,
explain how to remove a computer virus safely,minilm_hybrid_reranker_minilm,pk_10807,3,0.8575096655176873,0.0716947086639628,0.3587048060028636,0.15779773786563303,0.8575096655176873,
explain how to remove a computer virus safely,minilm_hybrid_reranker_minilm,pk_11655,4,0.7287706339209846,1.0,0.6169088859369273,0.8850726657810781,0.7287706339209846,
explain how to remove a computer virus safely,minilm_hybrid_reranker_minilm,pk_04225,5,0.6085529260651292,0.7157353512795519,0.4141540090667474,0.6252609486157105,0.6085529260651292,
explain how to remove a computer virus safely,minilm_hybrid_reranker_minilm,pk_06786,6,0.4268292852476687,-1.3181289134681307,0.27301697365385363,-0.8407851473315353,0.4268292852476687,
explain how to remove a computer virus safely,minilm_hybrid_reranker_minilm,pk_01337,7,0.42361809497828307,0.0,0.3298113676726898,0.09894341030180694,0.42361809497828307,
explain how to remove a computer virus safely,minilm_hybrid_reranker_minilm,pk_03791,8,0.34838189510821044,-0.3647675298906634,1.0,0.04466272907653562,0.34838189510821044,
explain how to remove a computer virus safely,minilm_hybrid_reranker_minilm,pk_09105,9,0.31687435361973254,0.0,0.26126918897785895,0.07838075669335769,0.31687435361973254,
explain how to remove a computer virus safely,minilm_hybrid_reranker_minilm,pk_13483,10,0.28278518997089236,-0.7615503835054448,0.3567300593562735,-0.42606625064692927,0.28278518997089236,
explain how to remove a computer virus safely,minilm_hybrid_reranker_tinybert,pk_11470,1,1.0,-0.9287027889155903,0.19278578272440589,-0.5922562174235915,1.0,
explain how to remove a computer virus safely,minilm_hybrid_reranker_tinybert,pk_04225,2,0.8847844542158123,0.7157353512795519,0.4141540090667474,0.6252609486157105,0.8847844542158123,
explain how to remove a computer virus safely,minilm_hybrid_reranker_tinybert,pk_13395,3,0.8578819128362025,-0.04343004674857426,0.37900158660776156,0.08329944325832649,0.8578819128362025,
explain how to remove a computer virus safely,minilm_hybrid_reranker_tinybert,pk_11655,4,0.85209483531315,1.0,0.6169088859369273,0.8850726657810781,0.85209483531315,
explain how to remove a computer virus safely,minilm_hybrid_reranker_tinybert,pk_19046,5,0.7603329043396272,0.14561358946911807,0.15605862777362578,0.14874710096047036,0.7603329043396272,
explain how to remove a computer virus safely,minilm_hybrid_reranker_tinybert,pk_13155,6,0.6836331392087841,-0.32053259177768284,0.0,-0.22437281424437797,0.6836331392087841,
explain how to remove a computer virus safely,minilm_hybrid_reranker_tinybert,pk_10807,7,0.5654071750992986,0.0716947086639628,0.3587048060028636,0.15779773786563303,0.5654071750992986,
explain how to remove a computer virus safely,minilm_hybrid_reranker_tinybert,pk_01337,8,0.5605431942746364,0.0,0.3298113676726898,0.09894341030180694,0.5605431942746364,
explain how to remove a computer virus safely,minilm_hybrid_reranker_tinybert,pk_03791,9,0.5440250243530185,-0.3647675298906634,1.0,0.04466272907653562,0.5440250243530185,
explain how to remove a computer virus safely,minilm_hybrid_reranker_tinybert,pk_09171,10,0.5285732288711739,-0.7978342704489964,0.7472197609351992,-0.33431806103373773,0.5285732288711739,
explain how to remove a computer virus safely,minilm_hybrid_reranker_metadata_minilm,pk_11470,1,0.9080241802142588,-0.9287027889155903,0.19278578272440589,-0.5922562174235915,1.0,0.38682786809505854
explain how to remove a computer virus safely,minilm_hybrid_reranker_metadata_minilm,pk_13395,2,0.836409222339351,-0.04343004674857426,0.37900158660776156,0.08329944325832649,0.9818553816467265,0.012214319597556908
explain how to remove a computer virus safely,minilm_hybrid_reranker_metadata_minilm,pk_10807,3,0.791161356510284,0.0716947086639628,0.3587048060028636,0.15779773786563303,0.8575096655176873,0.41518760546833233
explain how to remove a computer virus safely,minilm_hybrid_reranker_metadata_minilm,pk_11655,4,0.6289344139904857,1.0,0.6169088859369273,0.8850726657810781,0.7287706339209846,0.0631958343843248
explain how to remove a computer virus safely,minilm_hybrid_reranker_metadata_minilm,pk_04225,5,0.5267901561569482,0.7157353512795519,0.4141540090667474,0.6252609486157105,0.6085529260651292,0.0634677933439222
explain how to remove a computer virus safely,minilm_hybrid_reranker_metadata_minilm,pk_01337,6,0.41533767889949036,0.0,0.3298113676726898,0.09894341030180694,0.42361809497828307,0.3684153211196652
explain how to remove a computer virus safely,minilm_hybrid_reranker_metadata_minilm,pk_06786,7,0.37618296381807353,-1.3181289134681307,0.27301697365385363,-0.8407851473315353,0.4268292852476687,0.08918714238370104
explain how to remove a computer virus safely,minilm_hybrid_reranker_metadata_minilm,pk_03791,8,0.3611996249903761,-0.3647675298906634,1.0,0.04466272907653562,0.34838189510821044,0.43383342765598143
explain how to remove a computer virus safely,minilm_hybrid_reranker_metadata_minilm,pk_13483,9,0.30550193620316934,-0.7615503835054448,0.3567300593562735,-0.42606625064692927,0.28278518997089236,0.43423016485273913
explain how to remove a computer virus safely,minilm_hybrid_reranker_metadata_minilm,pk_16608,10,0.3029595180295038,0.1663312952648307,0.7572430768290919,0.34360482973410905,0.243495545903857,0.6399220267415023
explain how to remove a computer virus safely,minilm_hybrid_reranker_metadata_tinybert,pk_11470,1,0.9080241802142588,-0.9287027889155903,0.19278578272440589,-0.5922562174235915,1.0,0.38682786809505854
explain how to remove a computer virus safely,minilm_hybrid_reranker_metadata_tinybert,pk_04225,2,0.7615869550850288,0.7157353512795519,0.4141540090667474,0.6252609486157105,0.8847844542158123,0.0634677933439222
explain how to remove a computer virus safely,minilm_hybrid_reranker_metadata_tinybert,pk_11655,3,0.7337599851738262,1.0,0.6169088859369273,0.8850726657810781,0.85209483531315,0.0631958343843248
explain how to remove a computer virus safely,minilm_hybrid_reranker_metadata_tinybert,pk_13395,4,0.7310317738504056,-0.04343004674857426,0.37900158660776156,0.08329944325832649,0.8578819128362025,0.012214319597556908
explain how to remove a computer virus safely,minilm_hybrid_reranker_metadata_tinybert,pk_19046,5,0.6555705607985159,0.14561358946911807,0.15605862777362578,0.14874710096047036,0.7603329043396272,0.061917280732218895
explain how to remove a computer virus safely,minilm_hybrid_reranker_metadata_tinybert,pk_13155,6,0.6299983376490708,-0.32053259177768284,0.0,-0.22437281424437797,0.6836331392087841,0.32606779547736214
explain how to remove a computer virus safely,minilm_hybrid_reranker_metadata_tinybert,pk_10807,7,0.5428742396546536,0.0716947086639628,0.3587048060028636,0.15779773786563303,0.5654071750992986,0.41518760546833233
explain how to remove a computer virus safely,minilm_hybrid_reranker_metadata_tinybert,pk_01337,8,0.5317240133013907,0.0,0.3298113676726898,0.09894341030180694,0.5605431942746364,0.3684153211196652
explain how to remove a computer virus safely,minilm_hybrid_reranker_metadata_tinybert,pk_03791,9,0.5274962848484629,-0.3647675298906634,1.0,0.04466272907653562,0.5440250243530185,0.43383342765598143
explain how to remove a computer virus safely,minilm_hybrid_reranker_metadata_tinybert,pk_09171,10,0.49288426161207655,-0.7978342704489964,0.7472197609351992,-0.33431806103373773,0.5285732288711739,0.29064678047719184
explain how to remove a computer virus safely,bge_small_semantic,pk_10807,1,0.48034727573394775,0.48034727573394775,0.0,0.48034727573394775,,
explain how to remove a computer virus safely,bge_small_semantic,pk_05791,2,0.4662279486656189,0.4662279486656189,0.0,0.4662279486656189,,
explain how to remove a computer virus safely,bge_small_semantic,pk_10079,3,0.42304790019989014,0.42304790019989014,0.0,0.42304790019989014,,
explain how to remove a computer virus safely,bge_small_semantic,pk_15211,4,0.4193718433380127,0.4193718433380127,0.0,0.4193718433380127,,
explain how to remove a computer virus safely,bge_small_semantic,pk_03791,5,0.4192841649055481,0.4192841649055481,0.0,0.4192841649055481,,
explain how to remove a computer virus safely,bge_small_semantic,pk_11655,6,0.41728079319000244,0.41728079319000244,0.0,0.41728079319000244,,
explain how to remove a computer virus safely,bge_small_semantic,pk_12100,7,0.41512560844421387,0.41512560844421387,0.0,0.41512560844421387,,
explain how to remove a computer virus safely,bge_small_semantic,pk_15535,8,0.3910883069038391,0.3910883069038391,0.0,0.3910883069038391,,
explain how to remove a computer virus safely,bge_small_semantic,pk_04225,9,0.3908618092536926,0.3908618092536926,0.0,0.3908618092536926,,
explain how to remove a computer virus safely,bge_small_semantic,pk_01028,10,0.39076030254364014,0.39076030254364014,0.0,0.39076030254364014,,
explain how to remove a computer virus safely,bge_small_semantic_reranker_minilm,pk_11470,1,1.0,0.36107778549194336,0.0,0.36107778549194336,1.0,
explain how to remove a computer virus safely,bge_small_semantic_reranker_minilm,pk_13395,2,0.9819012168115114,0.3522059917449951,0.0,0.3522059917449951,0.9819012168115114,
explain how to remove a computer virus safely,bge_small_semantic_reranker_minilm,pk_10807,3,0.8578717414306741,0.48034727573394775,0.0,0.48034727573394775,0.8578717414306741,
explain how to remove a computer virus safely,bge_small_semantic_reranker_minilm,pk_11655,4,0.7294598429168698,0.41728079319000244,0.0,0.41728079319000244,0.7294598429168698,
explain how to remove a computer virus safely,bge_small_semantic_reranker_minilm,pk_04225,5,0.6095476149834753,0.3908618092536926,0.0,0.3908618092536926,0.6095476149834753,
explain how to remove a computer virus safely,bge_small_semantic_reranker_minilm,pk_06786,6,0.42828574410570464,0.28005874156951904,0.0,0.28005874156951904,0.42828574410570464,
explain how to remove a computer virus safely,bge_small_semantic_reranker_minilm,pk_03791,7,0.3500376931741258,0.4192841649055481,0.0,0.4192841649055481,0.3500376931741258,
explain how to remove a computer virus safely,bge_small_semantic_reranker_minilm,pk_09105,8,0.31861021411157914,0.27363717555999756,0.0,0.27363717555999756,0.31861021411157914,
explain how to remove a computer virus safely,bge_small_semantic_reranker_minilm,pk_13483,9,0.2846076729350348,0.28987711668014526,0.0,0.28987711668014526,0.2846076729350348,
explain how to remove a computer virus safely,bge_small_semantic_reranker_minilm,pk_01028,10,0.25132504937676176,0.39076030254364014,0.0,0.39076030254364014,0.25132504937676176,
explain how to remove a computer virus safely,bge_small_semantic_reranker_tinybert,pk_11470,1,1.0,0.36107778549194336,0.0,0.36107778549194336,1.0,
explain how to remove a computer virus safely,bge_small_semantic_reranker_tinybert,pk_04225,2,0.8847844542158123,0.3908618092536926,0.0,0.3908618092536926,0.8847844542158123,
explain how to remove a computer virus safely,bge_small_semantic_reranker_tinybert,pk_13395,3,0.8578808867586275,0.3522059917449951,0.0,0.3522059917449951,0.8578808867586275,
explain how to remove a computer virus safely,bge_small_semantic_reranker_tinybert,pk_11655,4,0.85209483531315,0.41728079319000244,0.0,0.41728079319000244,0.85209483531315,
explain how to remove a computer virus safely,bge_small_semantic_reranker_tinybert,pk_19046,5,0.7603329043396272,0.373909592628479,0.0,0.373909592628479,0.7603329043396272,
explain how to remove a computer virus safely,bge_small_semantic_reranker_tinybert,pk_13155,6,0.6836331392087841,0.3207387924194336,0.0,0.3207387924194336,0.6836331392087841,
explain how to remove a computer virus safely,bge_small_semantic_reranker_tinybert,pk_10807,7,0.5654071750992986,0.48034727573394775,0.0,0.48034727573394775,0.5654071750992986,
explain how to remove a computer virus safely,bge_small_semantic_reranker_tinybert,pk_03791,8,0.5440252109125775,0.4192841649055481,0.0,0.4192841649055481,0.5440252109125775,
explain how to remove a computer virus safely,bge_small_semantic_reranker_tinybert,pk_09171,9,0.5285732288711739,0.34453094005584717,0.0,0.34453094005584717,0.5285732288711739,
explain how to remove a computer virus safely,bge_small_semantic_reranker_tinybert,pk_10858,10,0.4401413860274539,0.3273922801017761,0.0,0.3273922801017761,0.4401413860274539,
explain how to remove a computer virus safely,bge_small_semantic_reranker_metadata_minilm,pk_11470,1,0.9255591123750979,0.36107778549194336,0.0,0.36107778549194336,1.0,0.5037274158339863
explain how to remove a computer virus safely,bge_small_semantic_reranker_metadata_minilm,pk_13395,2,0.8352124804086137,0.3522059917449951,0.0,0.3522059917449951,0.9819012168115114,0.0039763074588605235
explain how to remove a computer virus safely,bge_small_semantic_reranker_metadata_minilm,pk_10807,3,0.8104250649362844,0.48034727573394775,0.0,0.48034727573394775,0.8578717414306741,0.5415605648014097
explain how to remove a computer virus safely,bge_small_semantic_reranker_metadata_minilm,pk_11655,4,0.6308390532814074,0.41728079319000244,0.0,0.41728079319000244,0.7294598429168698,0.07198791201378772
explain how to remove a computer virus safely,bge_small_semantic_reranker_metadata_minilm,pk_04225,5,0.5289680803372845,0.3908618092536926,0.0,0.3908618092536926,0.6095476149834753,0.07235071734220272
explain how to remove a computer virus safely,bge_small_semantic_reranker_metadata_minilm,pk_03791,6,0.3824972771328646,0.4192841649055481,0.0,0.4192841649055481,0.3500376931741258,0.5664349195657177
explain how to remove a computer virus safely,bge_small_semantic_reranker_metadata_minilm,pk_06786,7,0.3800421031438311,0.28005874156951904,0.0,0.28005874156951904,0.42828574410570464,0.10666147102654769
explain how to remove a computer virus safely,bge_small_semantic_reranker_metadata_minilm,pk_16608,8,0.33481012545783184,0.38862717151641846,0.0,0.38862717151641846,0.24541786605203147,0.8413662620907009
explain how to remove a computer virus safely,bge_small_semantic_reranker_metadata_minilm,pk_05791,9,0.33122890455303367,0.4662279486656189,0.0,0.4662279486656189,0.23525171280400015,0.8750996577975568
explain how to remove a computer virus safely,bge_small_semantic_reranker_metadata_minilm,pk_13483,10,0.3269611496852701,0.28987711668014526,0.0,0.28987711668014526,0.2846076729350348,0.5669641846032704
explain how to remove a computer virus safely,bge_small_semantic_reranker_metadata_tinybert,pk_11470,1,0.9255591123750979,0.36107778549194336,0.0,0.36107778549194336,1.0,0.5037274158339863
explain how to remove a computer virus safely,bge_small_semantic_reranker_metadata_tinybert,pk_04225,2,0.7629193936847709,0.3908618092536926,0.0,0.3908618092536926,0.8847844542158123,0.07235071734220272
explain how to remove a computer virus safely,bge_small_semantic_reranker_metadata_tinybert,pk_11655,3,0.7350787968182456,0.41728079319000244,0.0,0.41728079319000244,0.85209483531315,0.07198791201378772
explain how to remove a computer virus safely,bge_small_semantic_reranker_metadata_tinybert,pk_13395,4,0.7297951998636624,0.3522059917449951,0.0,0.3522059917449951,0.8578808867586275,0.0039763074588605235
explain how to remove a computer virus safely,bge_small_semantic_reranker_metadata_tinybert,pk_19046,5,0.6568253083888566,0.373909592628479,0.0,0.373909592628479,0.7603329043396272,0.07028226466782352
explain how to remove a computer virus safely,bge_small_semantic_reranker_metadata_tinybert,pk_13155,6,0.6444887854649651,0.3207387924194336,0.0,0.3207387924194336,0.6836331392087841,0.42267078091665783
explain how to remove a computer virus safely,bge_small_semantic_reranker_metadata_tinybert,pk_10807,7,0.5618301835546152,0.48034727573394775,0.0,0.48034727573394775,0.5654071750992986,0.5415605648014097
explain how to remove a computer virus safely,bge_small_semantic_reranker_metadata_tinybert,pk_03791,8,0.5473866672105485,0.4192841649055481,0.0,0.4192841649055481,0.5440252109125775,0.5664349195657177
explain how to remove a computer virus safely,bge_small_semantic_reranker_metadata_tinybert,pk_09171,9,0.5055998806464355,0.34453094005584717,0.0,0.34453094005584717,0.5285732288711739,0.3754175740395843
explain how to remove a computer virus safely,bge_small_semantic_reranker_metadata_tinybert,pk_10858,10,0.4485713825522894,0.3273922801017761,0.0,0.3273922801017761,0.4401413860274539,0.4963413628596906
explain how to remove a computer virus safely,bge_small_hybrid,pk_03791,1,0.9110140106143649,0.8728771580205215,1.0,0.9110140106143649,,
explain how to remove a computer virus safely,bge_small_hybrid,pk_10079,2,0.831399793967071,0.8807126043412926,0.7163365697605538,0.831399793967071,,
explain how to remove a computer virus safely,bge_small_hybrid,pk_15211,3,0.8289979250647668,0.8730596893616863,0.7261871417052878,0.8289979250647668,,
explain how to remove a computer virus safely,bge_small_hybrid,pk_12100,4,0.8125428460144186,0.8642197622749535,0.6919633747398377,0.8125428460144186,,
explain how to remove a computer virus safely,bge_small_hybrid,pk_10807,5,0.8076114418008591,1.0,0.3587048060028636,0.8076114418008591,,
explain how to remove a computer virus safely,bge_small_hybrid,pk_16608,6,0.7935111408429896,0.8090545968489457,0.7572430768290919,0.7935111408429896,,
explain how to remove a computer virus safely,bge_small_hybrid,pk_11655,7,0.7931672048553179,0.8687064843917711,0.6169088859369273,0.7931672048553179,,
explain how to remove a computer virus safely,bge_small_hybrid,pk_15535,8,0.7839781867671655,0.8141782553180401,0.7135113601484581,0.7839781867671655,,
explain how to remove a computer virus safely,bge_small_hybrid,pk_09171,9,0.7262436337710181,0.7172538649863691,0.7472197609351992,0.7262436337710181,,
explain how to remove a computer virus safely,bge_small_hybrid,pk_01028,10,0.7110787203161848,0.8134954069356947,0.47210645153732855,0.7110787203161848,,
explain how to remove a computer virus safely,bge_small_hybrid_reranker_minilm,pk_11470,1,1.0,0.7517015370603147,0.19278578272440589,0.584026810759542,1.0,
explain how to remove a computer virus safely,bge_small_hybrid_reranker_minilm,pk_13395,2,0.981901488137247,0.7332319959696683,0.37900158660776156,0.6269628731610962,0.981901488137247,
explain how to remove a computer virus safely,bge_small_hybrid_reranker_minilm,pk_10807,3,0.8578717414306741,1.0,0.3587048060028636,0.8076114418008591,0.8578717414306741,
explain how to remove a computer virus safely,bge_small_hybrid_reranker_minilm,pk_11655,4,0.7294598429168698,0.8687064843917711,0.6169088859369273,0.7931672048553179,0.7294598429168698,
explain how to remove a computer virus safely,bge_small_hybrid_reranker_minilm,pk_04225,5,0.6095476149834753,0.8137067263605782,0.4141540090667474,0.6938409111724289,0.6095476149834753,
explain how to remove a computer virus safely,bge_small_hybrid_reranker_minilm,pk_06786,6,0.42828574410570464,0.5830338917642505,0.27301697365385363,0.4900288163311314,0.42828574410570464,
explain how to remove a computer virus safely,bge_small_hybrid_reranker_minilm,pk_01337,7,0.4250827136504761,0.0,0.3298113676726898,0.09894341030180694,0.4250827136504761,
explain how to remove a computer virus safely,bge_small_hybrid_reranker_minilm,pk_03791,8,0.3500376931741258,0.8728771580205215,1.0,0.9110140106143649,0.3500376931741258,
explain how to remove a computer virus safely,bge_small_hybrid_reranker_minilm,pk_09105,9,0.31861021411157914,0.5696653013007995,0.26126918897785895,0.4771464676039173,0.31861021411157914,
explain how to remove a computer virus safely,bge_small_hybrid_reranker_minilm,pk_13483,10,0.2846076729350348,0.6034740516373843,0.3567300593562735,0.529450853953051,0.2846076729350348,
explain how to remove a computer virus safely,bge_small_hybrid_reranker_tinybert,pk_11470,1,1.0,0.7517015370603147,0.19278578272440589,0.584026810759542,1.0,
explain how to remove a computer virus safely,bge_small_hybrid_reranker_tinybert,pk_04225,2,0.8847844542158123,0.8137067263605782,0.4141540090667474,0.6938409111724289,0.8847844542158123,
explain how to remove a computer virus safely,bge_small_hybrid_reranker_tinybert,pk_13395,3,0.8578819128362025,0.7332319959696683,0.37900158660776156,0.6269628731610962,0.8578819128362025,
explain how to remove a computer virus safely,bge_small_hybrid_reranker_tinybert,pk_11655,4,0.85209483531315,0.8687064843917711,0.6169088859369273,0.7931672048553179,0.85209483531315,
explain how to remove a computer virus safely,bge_small_hybrid_reranker_tinybert,pk_19046,5,0.7603329043396272,0.7784151415393435,0.15605862777362578,0.5917081874096282,0.7603329043396272,
explain how to remove a computer virus safely,bge_small_hybrid_reranker_tinybert,pk_13155,6,0.6836331392087841,0.6677227260826243,0.0,0.46740590825783696,0.6836331392087841,
explain how to remove a computer virus safely,bge_small_hybrid_reranker_tinybert,pk_10807,7,0.5654071750992986,1.0,0.3587048060028636,0.8076114418008591,0.5654071750992986,
explain how to remove a computer virus safely,bge_small_hybrid_reranker_tinybert,pk_01337,8,0.5605431942746364,0.0,0.3298113676726898,0.09894341030180694,0.5605431942746364,
explain how to remove a computer virus safely,bge_small_hybrid_reranker_tinybert,pk_03791,9,0.5440250243530185,0.8728771580205215,1.0,0.9110140106143649,0.5440250243530185,
explain how to remove a computer virus safely,bge_small_hybrid_reranker_tinybert,pk_09171,10,0.5285732288711739,0.7172538649863691,0.7472197609351992,0.7262436337710181,0.5285732288711739,
explain how to remove a computer virus safely,bge_small_hybrid_reranker_metadata_minilm,pk_11470,1,0.9080241802142588,0.7517015370603147,0.19278578272440589,0.584026810759542,1.0,0.38682786809505854
explain how to remove a computer virus safely,bge_small_hybrid_reranker_metadata_minilm,pk_13395,2,0.8364484128562935,0.7332319959696683,0.37900158660776156,0.6269628731610962,0.981901488137247,0.012214319597556908
explain how to remove a computer virus safely,bge_small_hybrid_reranker_metadata_minilm,pk_10807,3,0.7914691210363228,1.0,0.3587048060028636,0.8076114418008591,0.8578717414306741,0.41518760546833233
explain how to remove a computer virus safely,bge_small_hybrid_reranker_metadata_minilm,pk_11655,4,0.629520241636988,0.8687064843917711,0.6169088859369273,0.7931672048553179,0.7294598429168698,0.0631958343843248
explain how to remove a computer virus safely,bge_small_hybrid_reranker_metadata_minilm,pk_04225,5,0.5276356417375424,0.8137067263605782,0.4141540090667474,0.6938409111724289,0.6095476149834753,0.0634677933439222
explain how to remove a computer virus safely,bge_small_hybrid_reranker_metadata_minilm,pk_01337,6,0.41658260477085446,0.0,0.3298113676726898,0.09894341030180694,0.4250827136504761,0.3684153211196652
explain how to remove a computer virus safely,bge_small_hybrid_reranker_metadata_minilm,pk_06786,7,0.3774209538474041,0.5830338917642505,0.27301697365385363,0.4900288163311314,0.42828574410570464,0.08918714238370104
explain how to remove a computer virus safely,bge_small_hybrid_reranker_metadata_minilm,pk_03791,8,0.36260705334640414,0.8728771580205215,1.0,0.9110140106143649,0.3500376931741258,0.43383342765598143
explain how to remove a computer virus safely,bge_small_hybrid_reranker_metadata_minilm,pk_13483,9,0.30705104672269046,0.6034740516373843,0.3567300593562735,0.529450853953051,0.2846076729350348,0.43423016485273913
explain how to remove a computer virus safely,bge_small_hybrid_reranker_metadata_minilm,pk_16608,10,0.3045934901554521,0.8090545968489457,0.7572430768290919,0.7935111408429896,0.24541786605203147,0.6399220267415023
explain how to remove a computer virus safely,bge_small_hybrid_reranker_metadata_tinybert,pk_11470,1,0.9080241802142588,0.7517015370603147,0.19278578272440589,0.584026810759542,1.0,0.38682786809505854
explain how to remove a computer virus safely,bge_small_hybrid_reranker_metadata_tinybert,pk_04225,2,0.7615869550850288,0.8137067263605782,0.4141540090667474,0.6938409111724289,0.8847844542158123,0.0634677933439222
explain how to remove a computer virus safely,bge_small_hybrid_reranker_metadata_tinybert,pk_11655,3,0.7337599851738262,0.8687064843917711,0.6169088859369273,0.7931672048553179,0.85209483531315,0.0631958343843248
explain how to remove a computer virus safely,bge_small_hybrid_reranker_metadata_tinybert,pk_13395,4,0.7310317738504056,0.7332319959696683,0.37900158660776156,0.6269628731610962,0.8578819128362025,0.012214319597556908
explain how to remove a computer virus safely,bge_small_hybrid_reranker_metadata_tinybert,pk_19046,5,0.6555705607985159,0.7784151415393435,0.15605862777362578,0.5917081874096282,0.7603329043396272,0.061917280732218895
explain how to remove a computer virus safely,bge_small_hybrid_reranker_metadata_tinybert,pk_13155,6,0.6299983376490708,0.6677227260826243,0.0,0.46740590825783696,0.6836331392087841,0.32606779547736214
explain how to remove a computer virus safely,bge_small_hybrid_reranker_metadata_tinybert,pk_10807,7,0.5428742396546536,1.0,0.3587048060028636,0.8076114418008591,0.5654071750992986,0.41518760546833233
explain how to remove a computer virus safely,bge_small_hybrid_reranker_metadata_tinybert,pk_01337,8,0.5317240133013907,0.0,0.3298113676726898,0.09894341030180694,0.5605431942746364,0.3684153211196652
explain how to remove a computer virus safely,bge_small_hybrid_reranker_metadata_tinybert,pk_03791,9,0.5274962848484629,0.8728771580205215,1.0,0.9110140106143649,0.5440250243530185,0.43383342765598143
explain how to remove a computer virus safely,bge_small_hybrid_reranker_metadata_tinybert,pk_09171,10,0.49288426161207655,0.7172538649863691,0.7472197609351992,0.7262436337710181,0.5285732288711739,0.29064678047719184
explain how to remove a computer virus safely,bge_small_keyword,pk_03791,1,0.38463178097901674,0.0,0.38463178097901674,0.38463178097901674,,
explain how to remove a computer virus safely,bge_small_keyword,pk_16608,2,0.291259753274804,0.0,0.291259753274804,0.291259753274804,,
explain how to remove a computer virus safely,bge_small_keyword,pk_09171,3,0.2874044674312208,0.0,0.2874044674312208,0.2874044674312208,,
explain how to remove a computer virus safely,bge_small_keyword,pk_15211,4,0.27931465363816643,0.0,0.27931465363816643,0.27931465363816643,,
explain how to remove a computer virus safely,bge_small_keyword,pk_10079,5,0.2755258106074015,0.0,0.2755258106074015,0.2755258106074015,,
explain how to remove a computer virus safely,bge_small_keyword,pk_15535,6,0.27443914520266205,0.0,0.27443914520266205,0.27443914520266205,,
explain how to remove a computer virus safely,bge_small_keyword,pk_12100,7,0.26615110519843455,0.0,0.26615110519843455,0.26615110519843455,,
explain how to remove a computer virus safely,bge_small_keyword,pk_11655,8,0.23728276349970143,0.0,0.23728276349970143,0.23728276349970143,,
explain how to remove a computer virus safely,bge_small_keyword,pk_17531,9,0.21450740549122985,0.0,0.21450740549122985,0.21450740549122985,,
explain how to remove a computer virus safely,bge_small_keyword,pk_08575,10,0.2111592622886408,0.0,0.2111592622886408,0.2111592622886408,,
help me understand the important parts of a contract,minilm_semantic,pk_17125,1,0.14749383926391602,0.14749383926391602,0.0,0.14749383926391602,,
help me understand the important parts of a contract,minilm_semantic,pk_01823,2,0.13343864679336548,0.13343864679336548,0.0,0.13343864679336548,,
help me understand the important parts of a contract,minilm_semantic,pk_12385,3,0.10456860065460205,0.10456860065460205,0.0,0.10456860065460205,,
help me understand the important parts of a contract,minilm_semantic,pk_13639,4,0.09925442934036255,0.09925442934036255,0.0,0.09925442934036255,,
help me understand the important parts of a contract,minilm_semantic,pk_18841,5,0.08777832984924316,0.08777832984924316,0.0,0.08777832984924316,,
help me understand the important parts of a contract,minilm_semantic,pk_00056,6,0.0821961760520935,0.0821961760520935,0.0,0.0821961760520935,,
help me understand the important parts of a contract,minilm_semantic,pk_12150,7,0.06958627700805664,0.06958627700805664,0.0,0.06958627700805664,,
help me understand the important parts of a contract,minilm_semantic,pk_17256,8,0.06529182195663452,0.06529182195663452,0.0,0.06529182195663452,,
help me understand the important parts of a contract,minilm_semantic,pk_04029,9,0.06433576345443726,0.06433576345443726,0.0,0.06433576345443726,,
help me understand the important parts of a contract,minilm_semantic,pk_08217,10,0.05060005187988281,0.05060005187988281,0.0,0.05060005187988281,,
help me understand the important parts of a contract,minilm_semantic_reranker_minilm,pk_01823,1,1.0,0.13343864679336548,0.0,0.13343864679336548,1.0,
help me understand the important parts of a contract,minilm_semantic_reranker_minilm,pk_07194,2,0.9592369616665717,0.02479243278503418,0.0,0.02479243278503418,0.9592369616665717,
help me understand the important parts of a contract,minilm_semantic_reranker_minilm,pk_13228,3,0.9343732613195603,0.04706341028213501,0.0,0.04706341028213501,0.9343732613195603,
help me understand the important parts of a contract,minilm_semantic_reranker_minilm,pk_17256,4,0.8203893889677328,0.06529182195663452,0.0,0.06529182195663452,0.8203893889677328,
help me understand the important parts of a contract,minilm_semantic_reranker_minilm,pk_18544,5,0.7649019195008178,0.04037308692932129,0.0,0.04037308692932129,0.7649019195008178,
help me understand the important parts of a contract,minilm_semantic_reranker_minilm,pk_18841,6,0.7275318255373993,0.08777832984924316,0.0,0.08777832984924316,0.7275318255373993,
help me understand the important parts of a contract,minilm_semantic_reranker_minilm,pk_10133,7,0.6917541724390878,-0.0024352073669433594,0.0,-0.0024352073669433594,0.6917541724390878,
help me understand the important parts of a contract,minilm_semantic_reranker_minilm,pk_13639,8,0.684614142653228,0.09925442934036255,0.0,0.09925442934036255,0.684614142653228,
help me understand the important parts of a contract,minilm_semantic_reranker_minilm,pk_12385,9,0.6569083362538668,0.10456860065460205,0.0,0.10456860065460205,0.6569083362538668,
help me understand the important parts of a contract,minilm_semantic_reranker_minilm,pk_10765,10,0.6278579781707574,0.0031740665435791016,0.0,0.0031740665435791016,0.6278579781707574,
help me understand the important parts of a contract,minilm_semantic_reranker_tinybert,pk_07194,1,1.0,0.02479243278503418,0.0,0.02479243278503418,1.0,
help me understand the important parts of a contract,minilm_semantic_reranker_tinybert,pk_13639,2,0.8540630767880919,0.09925442934036255,0.0,0.09925442934036255,0.8540630767880919,
help me understand the important parts of a contract,minilm_semantic_reranker_tinybert,pk_18841,3,0.77275394135728,0.08777832984924316,0.0,0.08777832984924316,0.77275394135728,
help me understand the important parts of a contract,minilm_semantic_reranker_tinybert,pk_17256,4,0.6932225453764258,0.06529182195663452,0.0,0.06529182195663452,0.6932225453764258,
help me understand the important parts of a contract,minilm_semantic_reranker_tinybert,pk_10133,5,0.6556831139342897,-0.0024352073669433594,0.0,-0.0024352073669433594,0.6556831139342897,
help me understand the important parts of a contract,minilm_semantic_reranker_tinybert,pk_13228,6,0.6146791973188199,0.04706341028213501,0.0,0.04706341028213501,0.6146791973188199,
help me understand the important parts of a contract,minilm_semantic_reranker_tinybert,pk_18544,7,0.5385073267255177,0.04037308692932129,0.0,0.04037308692932129,0.5385073267255177,
help me understand the important parts of a contract,minilm_semantic_reranker_tinybert,pk_04343,8,0.5360855263235081,-0.02367544174194336,0.0,-0.02367544174194336,0.5360855263235081,
help me understand the important parts of a contract,minilm_semantic_reranker_tinybert,pk_15495,9,0.5063442008436817,0.0064809322357177734,0.0,0.0064809322357177734,0.5063442008436817,
help me understand the important parts of a contract,minilm_semantic_reranker_tinybert,pk_01823,10,0.4632201146052562,0.13343864679336548,0.0,0.13343864679336548,0.4632201146052562,
help me understand the important parts of a contract,minilm_semantic_reranker_metadata_minilm,pk_01823,1,0.9087566607134208,0.13343864679336548,0.0,0.13343864679336548,1.0,0.39171107142280503
help me understand the important parts of a contract,minilm_semantic_reranker_metadata_minilm,pk_07194,2,0.8319678018685494,0.02479243278503418,0.0,0.02479243278503418,0.9592369616665717,0.11077589634642335
help me understand the important parts of a contract,minilm_semantic_reranker_metadata_minilm,pk_13228,3,0.8044835174871335,0.04706341028213501,0.0,0.04706341028213501,0.9343732613195603,0.06844163577004857
help me understand the important parts of a contract,minilm_semantic_reranker_metadata_minilm,pk_17256,4,0.7897985377903909,0.06529182195663452,0.0,0.06529182195663452,0.8203893889677328,0.6164503811187867
help me understand the important parts of a contract,minilm_semantic_reranker_metadata_minilm,pk_18544,5,0.6693350512682068,0.04037308692932129,0.0,0.04037308692932129,0.7649019195008178,0.12778946461674448
help me understand the important parts of a contract,minilm_semantic_reranker_metadata_minilm,pk_12385,6,0.658404321357868,0.10456860065460205,0.0,0.10456860065460205,0.6569083362538668,0.6668815702805413
help me understand the important parts of a contract,minilm_semantic_reranker_metadata_minilm,pk_18841,7,0.636675502541355,0.08777832984924316,0.0,0.08777832984924316,0.7275318255373993,0.12182300556377142
help me understand the important parts of a contract,minilm_semantic_reranker_metadata_minilm,pk_10765,8,0.6330102929172041,0.0031740665435791016,0.0,0.0031740665435791016,0.6278579781707574,0.662206743147069
help me understand the important parts of a contract,minilm_semantic_reranker_metadata_minilm,pk_13639,9,0.6239863567217505,0.09925442934036255,0.0,0.09925442934036255,0.684614142653228,0.28042890311004537
help me understand the important parts of a contract,minilm_semantic_reranker_metadata_minilm,pk_10133,10,0.6059227457765868,-0.0024352073669433594,0.0,-0.0024352073669433594,0.6917541724390878,0.11954466135574837
help me understand the important parts of a contract,minilm_semantic_reranker_metadata_tinybert,pk_07194,1,0.8666163844519634,0.02479243278503418,0.0,0.02479243278503418,1.0,0.11077589634642335
help me understand the important parts of a contract,minilm_semantic_reranker_metadata_tinybert,pk_13639,2,0.7680179507363849,0.09925442934036255,0.0,0.09925442934036255,0.8540630767880919,0.28042890311004537
help me understand the important parts of a contract,minilm_semantic_reranker_metadata_tinybert,pk_17256,3,0.6817067207377798,0.06529182195663452,0.0,0.06529182195663452,0.6932225453764258,0.6164503811187867
help me understand the important parts of a contract,minilm_semantic_reranker_metadata_tinybert,pk_18841,4,0.6751143009882536,0.08777832984924316,0.0,0.08777832984924316,0.77275394135728,0.12182300556377142
help me understand the important parts of a contract,minilm_semantic_reranker_metadata_tinybert,pk_10133,5,0.5752623460475085,-0.0024352073669433594,0.0,-0.0024352073669433594,0.6556831139342897,0.11954466135574837
help me understand the important parts of a contract,minilm_semantic_reranker_metadata_tinybert,pk_13228,6,0.5327435630865042,0.04706341028213501,0.0,0.04706341028213501,0.6146791973188199,0.06844163577004857
help me understand the important parts of a contract,minilm_semantic_reranker_metadata_tinybert,pk_18544,7,0.4768996474092017,0.04037308692932129,0.0,0.04037308692932129,0.5385073267255177,0.12778946461674448
help me understand the important parts of a contract,minilm_semantic_reranker_metadata_tinybert,pk_04343,8,0.47555845831999954,-0.02367544174194336,0.0,-0.02367544174194336,0.5360855263235081,0.13257173963345104
help me understand the important parts of a contract,minilm_semantic_reranker_metadata_tinybert,pk_13982,9,0.47510578784152874,0.038263678550720215,0.0,0.038263678550720215,0.43984543493791967,0.6749144542953135
help me understand the important parts of a contract,minilm_semantic_reranker_metadata_tinybert,pk_01823,10,0.4524937581278885,0.13343864679336548,0.0,0.13343864679336548,0.4632201146052562,0.39171107142280503
help me understand the important parts of a contract,minilm_hybrid,pk_17125,1,0.7,1.0,0.0,0.7,,
help me understand the important parts of a contract,minilm_hybrid,pk_12385,2,0.6739940370077684,0.7089692774726252,0.5923851425897695,0.6739940370077684,,
help me understand the important parts of a contract,minilm_hybrid,pk_13639,3,0.6445587156447024,0.6729394924947546,0.5783369029945805,0.6445587156447024,,
help me understand the important parts of a contract,minilm_hybrid,pk_01823,4,0.6332946055341284,0.9047065793344692,0.0,0.6332946055341284,,
help me understand the important parts of a contract,minilm_hybrid,pk_02583,5,0.4701667736007086,0.32612417034951197,0.8062661811868341,0.4701667736007086,,
help me understand the important parts of a contract,minilm_hybrid,pk_06910,6,0.4563221535860007,0.32148814969755946,0.770934829325697,0.4563221535860007,,
help me understand the important parts of a contract,minilm_hybrid,pk_05645,7,0.432520041078273,0.2857359925254674,0.7750161543681527,0.432520041078273,,
help me understand the important parts of a contract,minilm_hybrid,pk_18841,8,0.4165925248208149,0.5951321783154498,0.0,0.4165925248208149,,
help me understand the important parts of a contract,minilm_hybrid,pk_07727,9,0.4139233989151958,0.31965346230566055,0.6338865843374449,0.4139233989151958,,
help me understand the important parts of a contract,minilm_hybrid,pk_15958,10,0.390757102441069,0.22633899850315373,0.7743993449628712,0.390757102441069,,
help me understand the important parts of a contract,minilm_hybrid_reranker_minilm,pk_01823,1,1.0,0.9047065793344692,0.0,0.6332946055341284,1.0,
help me understand the important parts of a contract,minilm_hybrid_reranker_minilm,pk_07194,2,0.9601275900675819,0.16809131085585338,0.0,0.11766391759909736,0.9601275900675819,
help me understand the important parts of a contract,minilm_hybrid_reranker_minilm,pk_13228,3,0.9358071347432334,0.3190872955576318,0.0,0.22336110689034225,0.9358071347432334,
help me understand the important parts of a contract,minilm_hybrid_reranker_minilm,pk_14956,4,0.8509302095614731,0.0,0.9508310270768104,0.2852493081230431,0.8509302095614731,
help me understand the important parts of a contract,minilm_hybrid_reranker_minilm,pk_17256,5,0.8243136870045878,0.4426749095588021,0.0,0.3098724366911615,0.8243136870045878,
help me understand the important parts of a contract,minilm_hybrid_reranker_minilm,pk_18544,6,0.770038558870112,0.2737272765480074,0.0,0.19160909358360514,0.770038558870112,
help me understand the important parts of a contract,minilm_hybrid_reranker_minilm,pk_18841,7,0.7334849611344769,0.5951321783154498,0.0,0.4165925248208149,0.7334849611344769,
help me understand the important parts of a contract,minilm_hybrid_reranker_minilm,pk_10133,8,0.6984890111494172,-0.016510570062427864,1.0,0.2884426009563005,0.6984890111494172,
help me understand the important parts of a contract,minilm_hybrid_reranker_minilm,pk_13639,9,0.6915049833097159,0.6729394924947546,0.5783369029945805,0.6445587156447024,0.6915049833097159,
help me understand the important parts of a contract,minilm_hybrid_reranker_minilm,pk_12385,10,0.6644045188834019,0.7089692774726252,0.5923851425897695,0.6739940370077684,0.6644045188834019,
help me understand the important parts of a contract,minilm_hybrid_reranker_tinybert,pk_07194,1,1.0,0.16809131085585338,0.0,0.11766391759909736,1.0,
help me understand the important parts of a contract,minilm_hybrid_reranker_tinybert,pk_14956,2,0.8941063310815526,0.0,0.9508310270768104,0.2852493081230431,0.8941063310815526,
help me understand the important parts of a contract,minilm_hybrid_reranker_tinybert,pk_13639,3,0.8568447685071827,0.6729394924947546,0.5783369029945805,0.6445587156447024,0.8568447685071827,
help me understand the important parts of a contract,minilm_hybrid_reranker_tinybert,pk_18841,4,0.7770854598353323,0.5951321783154498,0.0,0.4165925248208149,0.7770854598353323,
help me understand the important parts of a contract,minilm_hybrid_reranker_tinybert,pk_17256,5,0.699070005267649,0.4426749095588021,0.0,0.3098724366911615,0.699070005267649,
help me understand the important parts of a contract,minilm_hybrid_reranker_tinybert,pk_10133,6,0.6622461098480884,-0.016510570062427864,1.0,0.2884426009563005,0.6622461098480884,
help me understand the important parts of a contract,minilm_hybrid_reranker_tinybert,pk_13228,7,0.622023765522819,0.3190872955576318,0.0,0.22336110689034225,0.622023765522819,
help me understand the important parts of a contract,minilm_hybrid_reranker_tinybert,pk_18922,8,0.6122505601978459,0.0,0.5447716784984354,0.16343150354953062,0.6122505601978459,
help me understand the important parts of a contract,minilm_hybrid_reranker_tinybert,pk_18544,9,0.5473038007049276,0.2737272765480074,0.0,0.19160909358360514,0.5473038007049276,
help me understand the important parts of a contract,minilm_hybrid_reranker_tinybert,pk_15495,10,0.5157537335265129,0.043940358919813655,0.0,0.030758251243869557,0.5157537335265129,
help me understand the important parts of a contract,minilm_hybrid_reranker_metadata_minilm,pk_01823,1,0.9099305532278048,0.9047065793344692,0.0,0.6332946055341284,1.0,0.39953702151869874
help me understand the important parts of a contract,minilm_hybrid_reranker_metadata_minilm,pk_07194,2,0.8344408848635775,0.16809131085585338,0.0,0.11766391759909736,0.9601275900675819,0.12221622204088578
help me understand the important parts of a contract,minilm_hybrid_reranker_metadata_minilm,pk_13228,3,0.8075000565585985,0.3190872955576318,0.0,0.22336110689034225,0.9358071347432334,0.0804266135123334
help me understand the important parts of a contract,minilm_hybrid_reranker_metadata_minilm,pk_17256,4,0.7938743756053521,0.4426749095588021,0.0,0.3098724366911615,0.8243136870045878,0.6213849443430169
help me understand the important parts of a contract,minilm_hybrid_reranker_metadata_minilm,pk_14956,5,0.7856728717680539,0.0,0.9508310270768104,0.2852493081230431,0.8509302095614731,0.4158812909386787
help me understand the important parts of a contract,minilm_hybrid_reranker_metadata_minilm,pk_18544,6,0.6753844103396113,0.2737272765480074,0.0,0.19160909358360514,0.770038558870112,0.1390109020001077
help me understand the important parts of a contract,minilm_hybrid_reranker_metadata_minilm,pk_12385,7,0.6654189375964858,0.7089692774726252,0.5923851425897695,0.6739940370077684,0.6644045188834019,0.6711673103039619
help me understand the important parts of a contract,minilm_hybrid_reranker_metadata_minilm,pk_18841,8,0.6434303976412903,0.5951321783154498,0.0,0.4165925248208149,0.7334849611344769,0.1331212045132328
help me understand the important parts of a contract,minilm_hybrid_reranker_metadata_minilm,pk_10765,9,0.6405734418943274,0.021519994051410044,0.0,0.01506399583598703,0.635988879776751,0.6665526272272606
help me understand the important parts of a contract,minilm_hybrid_reranker_metadata_minilm,pk_13639,10,0.6312322191484385,0.6729394924947546,0.5783369029945805,0.6445587156447024,0.6915049833097159,0.2896865555678669
help me understand the important parts of a contract,minilm_hybrid_reranker_metadata_tinybert,pk_07194,1,0.8683324333061329,0.16809131085585338,0.0,0.11766391759909736,1.0,0.12221622204088578
help me understand the important parts of a contract,minilm_hybrid_reranker_metadata_tinybert,pk_14956,2,0.8223725750601214,0.0,0.9508310270768104,0.2852493081230431,0.8941063310815526,0.4158812909386787
help me understand the important parts of a contract,minilm_hybrid_reranker_metadata_tinybert,pk_13639,3,0.7717710365662853,0.6729394924947546,0.5783369029945805,0.6445587156447024,0.8568447685071827,0.2896865555678669
help me understand the important parts of a contract,minilm_hybrid_reranker_metadata_tinybert,pk_17256,4,0.6874172461289542,0.4426749095588021,0.0,0.3098724366911615,0.699070005267649,0.6213849443430169
help me understand the important parts of a contract,minilm_hybrid_reranker_metadata_tinybert,pk_18841,5,0.6804908215370173,0.5951321783154498,0.0,0.4165925248208149,0.7770854598353323,0.1331212045132328
help me understand the important parts of a contract,minilm_hybrid_reranker_metadata_tinybert,pk_10133,6,0.5825400192272597,-0.016510570062427864,1.0,0.2884426009563005,0.6622461098480884,0.13087217237589788
help me understand the important parts of a contract,minilm_hybrid_reranker_metadata_tinybert,pk_13228,7,0.5407841927212462,0.3190872955576318,0.0,0.22336110689034225,0.622023765522819,0.0804266135123334
help me understand the important parts of a contract,minilm_hybrid_reranker_metadata_tinybert,pk_18922,8,0.5280777265690342,0.0,0.5447716784984354,0.16343150354953062,0.6122505601978459,0.051098336005768116
help me understand the important parts of a contract,minilm_hybrid_reranker_metadata_tinybert,pk_18544,9,0.4860598658992046,0.2737272765480074,0.0,0.19160909358360514,0.5473038007049276,0.1390109020001077
help me understand the important parts of a contract,minilm_hybrid_reranker_metadata_tinybert,pk_13982,10,0.484808647940005,0.25942560544683935,0.0,0.18159792381278753,0.450522495141399,0.6790968471321057
help me understand the important parts of a contract,bge_small_semantic,pk_13228,1,0.5904691815376282,0.5904691815376282,0.0,0.5904691815376282,,
help me understand the important parts of a contract,bge_small_semantic,pk_17125,2,0.5706360042095184,0.5706360042095184,0.0,0.5706360042095184,,
help me understand the important parts of a contract,bge_small_semantic,pk_15495,3,0.563141405582428,0.563141405582428,0.0,0.563141405582428,,
help me understand the important parts of a contract,bge_small_semantic,pk_12385,4,0.5562496781349182,0.5562496781349182,0.0,0.5562496781349182,,
help me understand the important parts of a contract,bge_small_semantic,pk_14801,5,0.5561025440692902,0.5561025440692902,0.0,0.5561025440692902,,
help me understand the important parts of a contract,bge_small_semantic,pk_08217,6,0.5453983545303345,0.5453983545303345,0.0,0.5453983545303345,,
help me understand the important parts of a contract,bge_small_semantic,pk_18922,7,0.5429791808128357,0.5429791808128357,0.0,0.5429791808128357,,
help me understand the important parts of a contract,bge_small_semantic,pk_02583,8,0.5429654717445374,0.5429654717445374,0.0,0.5429654717445374,,
help me understand the important parts of a contract,bge_small_semantic,pk_10696,9,0.5391211211681366,0.5391211211681366,0.0,0.5391211211681366,,
help me understand the important parts of a contract,bge_small_semantic,pk_11814,10,0.5307344794273376,0.5307344794273376,0.0,0.5307344794273376,,
help me understand the important parts of a contract,bge_small_semantic_reranker_minilm,pk_07194,1,1.0,0.5191853642463684,0.0,0.5191853642463684,1.0,
help me understand the important parts of a contract,bge_small_semantic_reranker_minilm,pk_13228,2,0.9746695589461848,0.5904691815376282,0.0,0.5904691815376282,0.9746695589461848,
help me understand the important parts of a contract,bge_small_semantic_reranker_minilm,pk_17256,3,0.8585459844420945,0.49885880947113037,0.0,0.49885880947113037,0.8585459844420945,
help me understand the important parts of a contract,bge_small_semantic_reranker_minilm,pk_18544,4,0.802016905707199,0.48848921060562134,0.0,0.48848921060562134,0.802016905707199,
help me understand the important parts of a contract,bge_small_semantic_reranker_minilm,pk_10133,5,0.7274960311267086,0.5109150111675262,0.0,0.5109150111675262,0.7274960311267086,
help me understand the important parts of a contract,bge_small_semantic_reranker_minilm,pk_12385,6,0.6919960698521699,0.5562496781349182,0.0,0.5562496781349182,0.6919960698521699,
help me understand the important parts of a contract,bge_small_semantic_reranker_minilm,pk_18922,7,0.677857870940297,0.5429791808128357,0.0,0.5429791808128357,0.677857870940297,
help me understand the important parts of a contract,bge_small_semantic_reranker_minilm,pk_15958,8,0.6588300473773911,0.5150858759880066,0.0,0.5150858759880066,0.6588300473773911,
help me understand the important parts of a contract,bge_small_semantic_reranker_minilm,pk_15495,9,0.6105980203699819,0.563141405582428,0.0,0.563141405582428,0.6105980203699819,
help me understand the important parts of a contract,bge_small_semantic_reranker_minilm,pk_16688,10,0.6034605675556917,0.503817230463028,0.0,0.503817230463028,0.6034605675556917,
help me understand the important parts of a contract,bge_small_semantic_reranker_tinybert,pk_07194,1,1.0,0.5191853642463684,0.0,0.5191853642463684,1.0,
help me understand the important parts of a contract,bge_small_semantic_reranker_tinybert,pk_17256,2,0.6959633775133958,0.49885880947113037,0.0,0.49885880947113037,0.6959633775133958,
help me understand the important parts of a contract,bge_small_semantic_reranker_tinybert,pk_10133,3,0.6587595302038791,0.5109150111675262,0.0,0.5109150111675262,0.6587595302038791,
help me understand the important parts of a contract,bge_small_semantic_reranker_tinybert,pk_13228,4,0.618121756813055,0.5904691815376282,0.0,0.5904691815376282,0.618121756813055,
help me understand the important parts of a contract,bge_small_semantic_reranker_tinybert,pk_18922,5,0.6082476585513787,0.5429791808128357,0.0,0.5429791808128357,0.6082476585513787,
help me understand the important parts of a contract,bge_small_semantic_reranker_tinybert,pk_18544,6,0.5426304261607058,0.48848921060562134,0.0,0.48848921060562134,0.5426304261607058,
help me understand the important parts of a contract,bge_small_semantic_reranker_tinybert,pk_15495,7,0.5107546542799992,0.563141405582428,0.0,0.563141405582428,0.5107546542799992,
help me understand the important parts of a contract,bge_small_semantic_reranker_tinybert,pk_05797,8,0.46064261010295393,0.5172870457172394,0.0,0.5172870457172394,0.46064261010295393,
help me understand the important parts of a contract,bge_small_semantic_reranker_tinybert,pk_06003,9,0.4219404696583789,0.4948002099990845,0.0,0.4948002099990845,0.4219404696583789,
help me understand the important parts of a contract,bge_small_semantic_reranker_tinybert,pk_14561,10,0.41365934874399235,0.5019632577896118,0.0,0.5019632577896118,0.41365934874399235,
help me understand the important parts of a contract,bge_small_semantic_reranker_metadata_minilm,pk_07194,1,0.8670736400894937,0.5191853642463684,0.0,0.5191853642463684,1.0,0.11382426726329188
help me understand the important parts of a contract,bge_small_semantic_reranker_metadata_minilm,pk_13228,2,0.8390178806983414,0.5904691815376282,0.0,0.5904691815376282,0.9746695589461848,0.07032503729389515
help me understand the important parts of a contract,bge_small_semantic_reranker_metadata_minilm,pk_17256,3,0.8247761994048582,0.49885880947113037,0.0,0.49885880947113037,0.8585459844420945,0.6334140841938528
help me understand the important parts of a contract,bge_small_semantic_reranker_metadata_minilm,pk_18544,4,0.7014102730038435,0.48848921060562134,0.0,0.48848921060562134,0.802016905707199,0.13130602101816297
help me understand the important parts of a contract,bge_small_semantic_reranker_metadata_minilm,pk_12385,5,0.6909816179151383,0.5562496781349182,0.0,0.5562496781349182,0.6919960698521699,0.6852330569386266
help me understand the important parts of a contract,bge_small_semantic_reranker_metadata_minilm,pk_10133,6,0.6367967766025096,0.5109150111675262,0.0,0.5109150111675262,0.7274960311267086,0.12283433429871551
help me understand the important parts of a contract,bge_small_semantic_reranker_metadata_minilm,pk_15958,7,0.5852744171470002,0.5150858759880066,0.0,0.5150858759880066,0.6588300473773911,0.16845917917478537
help me understand the important parts of a contract,bge_small_semantic_reranker_metadata_minilm,pk_18922,8,0.5821487303917389,0.5429791808128357,0.0,0.5429791808128357,0.677857870940297,0.039796933949909075
help me understand the important parts of a contract,bge_small_semantic_reranker_metadata_minilm,pk_06003,9,0.5464617219346452,0.4948002099990845,0.0,0.4948002099990845,0.5812379420783857,0.3493964744534486
help me understand the important parts of a contract,bge_small_semantic_reranker_metadata_minilm,pk_15495,10,0.5327074701031792,0.563141405582428,0.0,0.563141405582428,0.6105980203699819,0.09132768525796392
help me understand the important parts of a contract,bge_small_semantic_reranker_metadata_tinybert,pk_07194,1,0.8670736400894937,0.5191853642463684,0.0,0.5191853642463684,1.0,0.11382426726329188
help me understand the important parts of a contract,bge_small_semantic_reranker_metadata_tinybert,pk_17256,2,0.6865809835154644,0.49885880947113037,0.0,0.49885880947113037,0.6959633775133958,0.6334140841938528
help me understand the important parts of a contract,bge_small_semantic_reranker_metadata_tinybert,pk_10133,3,0.5783707508181045,0.5109150111675262,0.0,0.5109150111675262,0.6587595302038791,0.12283433429871551
help me understand the important parts of a contract,bge_small_semantic_reranker_metadata_tinybert,pk_13228,4,0.5359522488851811,0.5904691815376282,0.0,0.5904691815376282,0.618121756813055,0.07032503729389515
help me understand the important parts of a contract,bge_small_semantic_reranker_metadata_tinybert,pk_18922,5,0.5229800498611583,0.5429791808128357,0.0,0.5429791808128357,0.6082476585513787,0.039796933949909075
help me understand the important parts of a contract,bge_small_semantic_reranker_metadata_tinybert,pk_18544,6,0.48093176538932436,0.48848921060562134,0.0,0.48848921060562134,0.5426304261607058,0.13130602101816297
help me understand the important parts of a contract,bge_small_semantic_reranker_metadata_tinybert,pk_15495,7,0.4478406089266939,0.563141405582428,0.0,0.563141405582428,0.5107546542799992,0.09132768525796392
help me understand the important parts of a contract,bge_small_semantic_reranker_metadata_tinybert,pk_05797,8,0.41438727953235194,0.5172870457172394,0.0,0.5172870457172394,0.46064261010295393,0.152273739632274
help me understand the important parts of a contract,bge_small_semantic_reranker_metadata_tinybert,pk_06003,9,0.41105887037763933,0.4948002099990845,0.0,0.4948002099990845,0.4219404696583789,0.3493964744534486
help me understand the important parts of a contract,bge_small_semantic_reranker_metadata_tinybert,pk_14561,10,0.3992467975831962,0.5019632577896118,0.0,0.5019632577896118,0.41365934874399235,0.3175756743386847
help me understand the important parts of a contract,bge_small_hybrid,pk_10133,1,0.9056886946850373,0.8652695638357677,1.0,0.9056886946850373,,
help me understand the important parts of a contract,bge_small_hybrid,pk_02583,2,0.8855643041209452,0.9195492139498501,0.8062661811868341,0.8855643041209452,,
help me understand the important parts of a contract,bge_small_hybrid,pk_10696,3,0.8550647037148904,0.9130385429502397,0.7197924121657423,0.8550647037148904,,
help me understand the important parts of a contract,bge_small_hybrid,pk_15958,4,0.8429530498382775,0.8723332090705944,0.7743993449628712,0.8429530498382775,,
help me understand the important parts of a contract,bge_small_hybrid,pk_17771,5,0.8393787375844766,0.8918581054787754,0.7169268791644459,0.8393787375844766,,
help me understand the important parts of a contract,bge_small_hybrid,pk_11643,6,0.838535524612992,0.866022458748758,0.7743993449628712,0.838535524612992,,
help me understand the important parts of a contract,bge_small_hybrid,pk_04462,7,0.8383357188236924,0.8527993285976208,0.80458729601786,0.8383357188236924,,
help me understand the important parts of a contract,bge_small_hybrid,pk_12385,8,0.8371483918893606,0.9420469273034713,0.5923851425897695,0.8371483918893606,,
help me understand the important parts of a contract,bge_small_hybrid,pk_06910,9,0.8339339276648166,0.8609335412387249,0.770934829325697,0.8339339276648166,,
help me understand the important parts of a contract,bge_small_hybrid,pk_14801,10,0.8315754193993441,0.9417977456861599,0.574389991396774,0.8315754193993441,,
help me understand the important parts of a contract,bge_small_hybrid_reranker_minilm,pk_07194,1,1.0,0.8792759732089132,0.0,0.6154931812462392,1.0,
help me understand the important parts of a contract,bge_small_hybrid_reranker_minilm,pk_13228,2,0.9746695589461848,1.0,0.0,0.7,0.9746695589461848,
help me understand the important parts of a contract,bge_small_hybrid_reranker_minilm,pk_14956,3,0.8862678443617868,0.0,0.9508310270768104,0.2852493081230431,0.8862678443617868,
help me understand the important parts of a contract,bge_small_hybrid_reranker_minilm,pk_17256,4,0.8585459844420945,0.8448515605371018,0.0,0.5913960923759712,0.8585459844420945,
help me understand the important parts of a contract,bge_small_hybrid_reranker_minilm,pk_18544,5,0.802016905707199,0.82728993464749,0.0,0.579102954253243,0.802016905707199,
help me understand the important parts of a contract,bge_small_hybrid_reranker_minilm,pk_10133,6,0.7274960311267086,0.8652695638357677,1.0,0.9056886946850373,0.7274960311267086,
help me understand the important parts of a contract,bge_small_hybrid_reranker_minilm,pk_13639,7,0.7202219688958651,0.0,0.5783369029945805,0.17350107089837416,0.7202219688958651,
help me understand the important parts of a contract,bge_small_hybrid_reranker_minilm,pk_12385,8,0.6919960698521699,0.9420469273034713,0.5923851425897695,0.8371483918893606,0.6919960698521699,
help me understand the important parts of a contract,bge_small_hybrid_reranker_minilm,pk_04224,9,0.6787981309807972,0.0,0.5690619338029933,0.170718580140898,0.6787981309807972,
help me understand the important parts of a contract,bge_small_hybrid_reranker_minilm,pk_18922,10,0.677857870940297,0.9195724311959436,0.5447716784984354,0.8071322053866911,0.677857870940297,
help me understand the important parts of a contract,bge_small_hybrid_reranker_tinybert,pk_07194,1,1.0,0.8792759732089132,0.0,0.6154931812462392,1.0,
help me understand the important parts of a contract,bge_small_hybrid_reranker_tinybert,pk_14956,2,0.8941063385812753,0.0,0.9508310270768104,0.2852493081230431,0.8941063385812753,
help me understand the important parts of a contract,bge_small_hybrid_reranker_tinybert,pk_13639,3,0.8568447786458866,0.0,0.5783369029945805,0.17350107089837416,0.8568447786458866,
help me understand the important parts of a contract,bge_small_hybrid_reranker_tinybert,pk_17256,4,0.6990700265804579,0.8448515605371018,0.0,0.5913960923759712,0.6990700265804579,
help me understand the important parts of a contract,bge_small_hybrid_reranker_tinybert,pk_10133,5,0.6622461337688815,0.8652695638357677,1.0,0.9056886946850373,0.6622461337688815,
help me understand the important parts of a contract,bge_small_hybrid_reranker_tinybert,pk_13228,6,0.6220237922922851,1.0,0.0,0.7,0.6220237922922851,
help me understand the important parts of a contract,bge_small_hybrid_reranker_tinybert,pk_18922,7,0.6122505876594811,0.9195724311959436,0.5447716784984354,0.8071322053866911,0.6122505876594811,
help me understand the important parts of a contract,bge_small_hybrid_reranker_tinybert,pk_18544,8,0.5473038327662967,0.82728993464749,0.0,0.579102954253243,0.5473038327662967,
help me understand the important parts of a contract,bge_small_hybrid_reranker_tinybert,pk_15495,9,0.515753767822357,0.9537185397482786,0.0,0.667602977823795,0.515753767822357,
help me understand the important parts of a contract,bge_small_hybrid_reranker_tinybert,pk_05797,10,0.4661537689838566,0.8760610407645378,0.5577084982596416,0.7805552780130689,0.4661537689838566,
help me understand the important parts of a contract,bge_small_hybrid_reranker_metadata_minilm,pk_07194,1,0.868828889502282,0.8792759732089132,0.0,0.6154931812462392,1.0,0.12552593001521362
help me understand the important parts of a contract,bge_small_hybrid_reranker_metadata_minilm,pk_13228,2,0.8408598191838029,1.0,0.0,0.7,0.9746695589461848,0.0826046271969726
help me understand the important parts of a contract,bge_small_hybrid_reranker_metadata_minilm,pk_17256,3,0.8254959647543212,0.8448515605371018,0.0,0.5913960923759712,0.8585459844420945,0.6382125198569395
help me understand the important parts of a contract,bge_small_hybrid_reranker_metadata_minilm,pk_14956,4,0.8173992184590317,0.0,0.9508310270768104,0.2852493081230431,0.8862678443617868,0.42714367167675316
help me understand the important parts of a contract,bge_small_hybrid_reranker_metadata_minilm,pk_18544,5,0.7031306832476907,0.82728993464749,0.0,0.579102954253243,0.802016905707199,0.14277542264381035
help me understand the important parts of a contract,bge_small_hybrid_reranker_metadata_minilm,pk_12385,6,0.691598113880355,0.9420469273034713,0.5923851425897695,0.8371483918893606,0.6919960698521699,0.6893430300400708
help me understand the important parts of a contract,bge_small_hybrid_reranker_metadata_minilm,pk_13639,7,0.6568183966375213,0.0,0.5783369029945805,0.17350107089837416,0.7202219688958651,0.2975314871735729
help me understand the important parts of a contract,bge_small_hybrid_reranker_metadata_minilm,pk_10133,8,0.6385340699651201,0.8652695638357677,1.0,0.9056886946850373,0.7274960311267086,0.134416290049452
help me understand the important parts of a contract,bge_small_hybrid_reranker_metadata_minilm,pk_04224,9,0.6327959459150996,0.0,0.5690619338029933,0.170718580140898,0.6787981309807972,0.3721168972094795
help me understand the important parts of a contract,bge_small_hybrid_reranker_metadata_minilm,pk_15958,10,0.5869207853255107,0.8723332090705944,0.7743993449628712,0.8429530498382775,0.6588300473773911,0.17943496703152234
help me understand the important parts of a contract,bge_small_hybrid_reranker_metadata_tinybert,pk_07194,1,0.868828889502282,0.8792759732089132,0.0,0.6154931812462392,1.0,0.12552593001521362
help me understand the important parts of a contract,bge_small_hybrid_reranker_metadata_tinybert,pk_14956,2,0.824061938545597,0.0,0.9508310270768104,0.2852493081230431,0.8941063385812753,0.42714367167675316
help me understand the important parts of a contract,bge_small_hybrid_reranker_metadata_tinybert,pk_13639,3,0.7729477849250396,0.0,0.5783369029945805,0.17350107089837416,0.8568447786458866,0.2975314871735729
help me understand the important parts of a contract,bge_small_hybrid_reranker_metadata_tinybert,pk_17256,4,0.6899414005719301,0.8448515605371018,0.0,0.5913960923759712,0.6990700265804579,0.6382125198569395
help me understand the important parts of a contract,bge_small_hybrid_reranker_metadata_tinybert,pk_10133,5,0.5830716572109671,0.8652695638357677,1.0,0.9056886946850373,0.6622461337688815,0.134416290049452
help me understand the important parts of a contract,bge_small_hybrid_reranker_metadata_tinybert,pk_13228,6,0.5411109175279881,1.0,0.0,0.7,0.6220237922922851,0.0826046271969726
help me understand the important parts of a contract,bge_small_hybrid_reranker_metadata_tinybert,pk_18922,7,0.5282853171647671,0.9195724311959436,0.5447716784984354,0.8071322053866911,0.6122505876594811,0.05248211769472097
help me understand the important parts of a contract,bge_small_hybrid_reranker_metadata_tinybert,pk_18544,8,0.48662457124792374,0.82728993464749,0.0,0.579102954253243,0.5473038327662967,0.14277542264381035
help me understand the important parts of a contract,bge_small_hybrid_reranker_metadata_tinybert,pk_15495,9,0.45388993800807864,0.9537185397482786,0.0,0.667602977823795,0.515753767822357,0.1033282357271677
help me understand the important parts of a contract,bge_small_hybrid_reranker_metadata_tinybert,pk_05797,10,0.420750388520151,0.8760610407645378,0.5577084982596416,0.7805552780130689,0.4661537689838566,0.16346456589248587
help me understand the important parts of a contract,bge_small_keyword,pk_10133,1,0.24701950797211403,0.0,0.24701950797211403,0.24701950797211403,,
help me understand the important parts of a contract,bge_small_keyword,pk_01677,2,0.2361225278712133,0.0,0.2361225278712133,0.2361225278712133,,
help me understand the important parts of a contract,bge_small_keyword,pk_14956,3,0.23487381247313355,0.0,0.23487381247313355,0.23487381247313355,,
help me understand the important parts of a contract,bge_small_keyword,pk_15511,4,0.22355799710864266,0.0,0.22355799710864266,0.22355799710864266,,
help me understand the important parts of a contract,bge_small_keyword,pk_06593,5,0.20642978483969768,0.0,0.20642978483969768,0.20642978483969768,,
help me understand the important parts of a contract,bge_small_keyword,pk_02583,6,0.19916347537132711,0.0,0.19916347537132711,0.19916347537132711,,
help me understand the important parts of a contract,bge_small_keyword,pk_04462,7,0.19874875798294545,0.0,0.19874875798294545,0.19874875798294545,,
help me understand the important parts of a contract,bge_small_keyword,pk_05645,8,0.19144410912246107,0.0,0.19144410912246107,0.19144410912246107,,
help me understand the important parts of a contract,bge_small_keyword,pk_16688,9,0.1913848260387813,0.0,0.1913848260387813,0.1913848260387813,,
help me understand the important parts of a contract,bge_small_keyword,pk_11643,10,0.19129174516665584,0.0,0.19129174516665584,0.19129174516665584,,
help me make my code better,minilm_semantic,pk_04970,1,0.020677506923675537,0.020677506923675537,0.0,0.020677506923675537,,
help me make my code better,minilm_semantic,pk_14156,2,-0.059755921363830566,-0.059755921363830566,0.0,-0.059755921363830566,,
help me make my code better,minilm_semantic,pk_05988,3,-0.07846200466156006,-0.07846200466156006,0.0,-0.07846200466156006,,
help me make my code better,minilm_semantic,pk_14989,4,-0.08373653888702393,-0.08373653888702393,0.0,-0.08373653888702393,,
help me make my code better,minilm_semantic,pk_10974,5,-0.13857650756835938,-0.13857650756835938,0.0,-0.13857650756835938,,
help me make my code better,minilm_semantic,pk_00807,6,-0.14260077476501465,-0.14260077476501465,0.0,-0.14260077476501465,,
help me make my code better,minilm_semantic,pk_00023,7,-0.1502223014831543,-0.1502223014831543,0.0,-0.1502223014831543,,
help me make my code better,minilm_semantic,pk_02261,8,-0.15176057815551758,-0.15176057815551758,0.0,-0.15176057815551758,,
help me make my code better,minilm_semantic,pk_08769,9,-0.15719151496887207,-0.15719151496887207,0.0,-0.15719151496887207,,
help me make my code better,minilm_semantic,pk_02277,10,-0.16022253036499023,-0.16022253036499023,0.0,-0.16022253036499023,,
help me make my code better,minilm_semantic_reranker_minilm,pk_08769,1,1.0,-0.15719151496887207,0.0,-0.15719151496887207,1.0,
help me make my code better,minilm_semantic_reranker_minilm,pk_11322,2,0.9803643913251111,-0.17090749740600586,0.0,-0.17090749740600586,0.9803643913251111,
help me make my code better,minilm_semantic_reranker_minilm,pk_04970,3,0.7108635363251735,0.020677506923675537,0.0,0.020677506923675537,0.7108635363251735,
help me make my code better,minilm_semantic_reranker_minilm,pk_17181,4,0.6773013528775719,-0.20153117179870605,0.0,-0.20153117179870605,0.6773013528775719,
help me make my code better,minilm_semantic_reranker_minilm,pk_04143,5,0.6362962417296291,-0.2220296859741211,0.0,-0.2220296859741211,0.6362962417296291,
help me make my code better,minilm_semantic_reranker_minilm,pk_06446,6,0.6232457323331481,-0.21454405784606934,0.0,-0.21454405784606934,0.6232457323331481,
help me make my code better,minilm_semantic_reranker_minilm,pk_06488,7,0.6087944389642511,-0.24711871147155762,0.0,-0.24711871147155762,0.6087944389642511,
help me make my code better,minilm_semantic_reranker_minilm,pk_00807,8,0.5350021307671001,-0.14260077476501465,0.0,-0.14260077476501465,0.5350021307671001,
help me make my code better,minilm_semantic_reranker_minilm,pk_00514,9,0.5173811347226165,-0.19987058639526367,0.0,-0.19987058639526367,0.5173811347226165,
help me make my code better,minilm_semantic_reranker_minilm,pk_00683,10,0.49885648734715426,-0.2781038284301758,0.0,-0.2781038284301758,0.49885648734715426,
help me make my code better,minilm_semantic_reranker_tinybert,pk_11322,1,1.0,-0.17090749740600586,0.0,-0.17090749740600586,1.0,
help me make my code better,minilm_semantic_reranker_tinybert,pk_08769,2,0.9848847519247839,-0.15719151496887207,0.0,-0.15719151496887207,0.9848847519247839,
help me make my code better,minilm_semantic_reranker_tinybert,pk_04970,3,0.7789901084375561,0.020677506923675537,0.0,0.020677506923675537,0.7789901084375561,
help me make my code better,minilm_semantic_reranker_tinybert,pk_00683,4,0.7750909802936794,-0.2781038284301758,0.0,-0.2781038284301758,0.7750909802936794,
help me make my code better,minilm_semantic_reranker_tinybert,pk_02577,5,0.6851996925304433,-0.23842668533325195,0.0,-0.23842668533325195,0.6851996925304433,
help me make my code better,minilm_semantic_reranker_tinybert,pk_18500,6,0.6778952798889898,-0.21244442462921143,0.0,-0.21244442462921143,0.6778952798889898,
help me make my code better,minilm_semantic_reranker_tinybert,pk_17181,7,0.6172393856019394,-0.20153117179870605,0.0,-0.20153117179870605,0.6172393856019394,
help me make my code better,minilm_semantic_reranker_tinybert,pk_04143,8,0.6091841458359387,-0.2220296859741211,0.0,-0.2220296859741211,0.6091841458359387,
help me make my code better,minilm_semantic_reranker_tinybert,pk_00807,9,0.5781898279874068,-0.14260077476501465,0.0,-0.14260077476501465,0.5781898279874068,
help me make my code better,minilm_semantic_reranker_tinybert,pk_06446,10,0.5508739714803341,-0.21454405784606934,0.0,-0.21454405784606934,0.5508739714803341,
help me make my code better,minilm_semantic_reranker_metadata_minilm,pk_11322,1,0.904926588317745,-0.17090749740600586,0.0,-0.17090749740600586,0.9803643913251111,0.47744570460933655
help me make my code better,minilm_semantic_reranker_metadata_minilm,pk_08769,2,0.871836158956831,-0.15719151496887207,0.0,-0.15719151496887207,1.0,0.14557439304554007
help me make my code better,minilm_semantic_reranker_metadata_minilm,pk_04970,3,0.690737940838126,0.020677506923675537,0.0,0.020677506923675537,0.7108635363251735,0.5766928997448567
help me make my code better,minilm_semantic_reranker_metadata_minilm,pk_17181,4,0.6536567121238502,-0.20153117179870605,0.0,-0.20153117179870605,0.6773013528775719,0.519670414519428
help me make my code better,minilm_semantic_reranker_metadata_minilm,pk_06446,5,0.5773828607400434,-0.21454405784606934,0.0,-0.21454405784606934,0.6232457323331481,0.3174932550457837
help me make my code better,minilm_semantic_reranker_metadata_minilm,pk_04143,6,0.5601604597129465,-0.2220296859741211,0.0,-0.2220296859741211,0.6362962417296291,0.12872436161841153
help me make my code better,minilm_semantic_reranker_metadata_minilm,pk_06488,7,0.5235965837882763,-0.24711871147155762,0.0,-0.24711871147155762,0.6087944389642511,0.0408087377910865
help me make my code better,minilm_semantic_reranker_metadata_minilm,pk_00514,8,0.5199835802632541,-0.19987058639526367,0.0,-0.19987058639526367,0.5173811347226165,0.5347307716602008
help me make my code better,minilm_semantic_reranker_metadata_minilm,pk_00807,9,0.49964161996614886,-0.14260077476501465,0.0,-0.14260077476501465,0.5350021307671001,0.29926539209409186
help me make my code better,minilm_semantic_reranker_metadata_minilm,pk_05118,10,0.47458304545957,-0.2218775749206543,0.0,-0.2218775749206543,0.45135370013751774,0.6062160022845329
help me make my code better,minilm_semantic_reranker_metadata_tinybert,pk_11322,1,0.9216168556914005,-0.17090749740600586,0.0,-0.17090749740600586,1.0,0.47744570460933655
help me make my code better,minilm_semantic_reranker_metadata_tinybert,pk_08769,2,0.8589881980928973,-0.15719151496887207,0.0,-0.15719151496887207,0.9848847519247839,0.14557439304554007
help me make my code better,minilm_semantic_reranker_metadata_tinybert,pk_04970,3,0.7486455271336512,0.020677506923675537,0.0,0.020677506923675537,0.7789901084375561,0.5766928997448567
help me make my code better,minilm_semantic_reranker_metadata_tinybert,pk_00683,4,0.67166949101782,-0.2781038284301758,0.0,-0.2781038284301758,0.7750909802936794,0.0856143851212838
help me make my code better,minilm_semantic_reranker_metadata_tinybert,pk_02577,5,0.6362774608149983,-0.23842668533325195,0.0,-0.23842668533325195,0.6851996925304433,0.35905148109414275
help me make my code better,minilm_semantic_reranker_metadata_tinybert,pk_17181,6,0.6026040399395626,-0.20153117179870605,0.0,-0.20153117179870605,0.6172393856019394,0.519670414519428
help me make my code better,minilm_semantic_reranker_metadata_tinybert,pk_18500,7,0.58917219243041,-0.21244442462921143,0.0,-0.21244442462921143,0.6778952798889898,0.08640803016512476
help me make my code better,minilm_semantic_reranker_metadata_tinybert,pk_04143,8,0.5371151782033097,-0.2220296859741211,0.0,-0.2220296859741211,0.6091841458359387,0.12872436161841153
help me make my code better,minilm_semantic_reranker_metadata_tinybert,pk_00807,9,0.5363511626034095,-0.14260077476501465,0.0,-0.14260077476501465,0.5781898279874068,0.29926539209409186
help me make my code better,minilm_semantic_reranker_metadata_tinybert,pk_00514,10,0.5180354434643152,-0.19987058639526367,0.0,-0.19987058639526367,0.515089209076806,0.5347307716602008
help me make my code better,minilm_hybrid,pk_04970,1,0.8947073926557213,1.0,0.6490246421857377,0.8947073926557213,,
help me make my code better,minilm_hybrid,pk_01287,2,0.3,0.0,1.0,0.3,,
help me make my code better,minilm_hybrid,pk_04496,3,0.2742075468769589,0.0,0.9140251562565298,0.2742075468769589,,
help me make my code better,minilm_hybrid,pk_10622,4,0.25287778638028063,0.0,0.8429259546009356,0.25287778638028063,,
help me make my code better,minilm_hybrid,pk_19680,5,0.2395824066554361,0.0,0.798608022184787,0.2395824066554361,,
help me make my code better,minilm_hybrid,pk_08320,6,0.23520827463264843,0.0,0.7840275821088282,0.23520827463264843,,
help me make my code better,minilm_hybrid,pk_15385,7,0.22922083053487793,0.0,0.7640694351162598,0.22922083053487793,,
help me make my code better,minilm_hybrid,pk_01380,8,0.2291648581784197,0.0,0.7638828605947323,0.2291648581784197,,
help me make my code better,minilm_hybrid,pk_01691,9,0.22626344397478648,0.0,0.7542114799159549,0.22626344397478648,,
help me make my code better,minilm_hybrid,pk_05946,10,0.2236529176981994,0.0,0.7455097256606646,0.2236529176981994,,
help me make my code better,minilm_hybrid_reranker_minilm,pk_08769,1,1.0,-7.602053552640302,0.8604339060803653,-5.063307315024101,1.0,
help me make my code better,minilm_hybrid_reranker_minilm,pk_11322,2,0.980364506117167,-8.265382187362176,0.9716703753257867,-5.494266418555787,0.980364506117167,
help me make my code better,minilm_hybrid_reranker_minilm,pk_04970,3,0.7108633945263721,1.0,0.6490246421857377,0.8947073926557213,0.7108633945263721,
help me make my code better,minilm_hybrid_reranker_minilm,pk_10622,4,0.696961465823329,0.0,0.8429259546009356,0.25287778638028063,0.696961465823329,
help me make my code better,minilm_hybrid_reranker_minilm,pk_17181,5,0.6773014321836088,-9.746396049707274,0.0,-6.822477234795091,0.6773014321836088,
help me make my code better,minilm_hybrid_reranker_minilm,pk_04143,6,0.6362963162343278,-10.737739650803809,0.0,-7.5164177555626654,0.6362963162343278,
help me make my code better,minilm_hybrid_reranker_minilm,pk_06446,7,0.6232458053097469,-10.375721726898254,0.0,-7.263005208828777,0.6232458053097469,
help me make my code better,minilm_hybrid_reranker_minilm,pk_06488,8,0.6087945102487304,-11.951088319482519,0.7476046253185707,-8.141480436042192,0.6087945102487304,
help me make my code better,minilm_hybrid_reranker_minilm,pk_01380,9,0.5898113388320538,0.0,0.7638828605947323,0.2291648581784197,0.5898113388320538,
help me make my code better,minilm_hybrid_reranker_minilm,pk_04496,10,0.5748013503661238,0.0,0.9140251562565298,0.2742075468769589,0.5748013503661238,
help me make my code better,minilm_hybrid_reranker_tinybert,pk_11322,1,1.0,-8.265382187362176,0.9716703753257867,-5.494266418555787,1.0,
help me make my code better,minilm_hybrid_reranker_tinybert,pk_08769,2,0.984626919771804,-7.602053552640302,0.8604339060803653,-5.063307315024101,0.984626919771804,
help me make my code better,minilm_hybrid_reranker_tinybert,pk_01287,3,0.9504684137746043,0.0,1.0,0.3,0.9504684137746043,
help me make my code better,minilm_hybrid_reranker_tinybert,pk_10622,4,0.8177888364583452,0.0,0.8429259546009356,0.25287778638028063,0.8177888364583452,
help me make my code better,minilm_hybrid_reranker_tinybert,pk_02750,5,0.780082168112495,0.0,0.6595058546878754,0.1978517564063626,0.780082168112495,
help me make my code better,minilm_hybrid_reranker_tinybert,pk_04970,6,0.7752275727943614,1.0,0.6490246421857377,0.8947073926557213,0.7752275727943614,
help me make my code better,minilm_hybrid_reranker_tinybert,pk_00683,7,0.7712620481752602,-13.449582169490158,0.0,-9.41470751864311,0.7712620481752602,
help me make my code better,minilm_hybrid_reranker_tinybert,pk_05946,8,0.6946732112234353,0.0,0.7455097256606646,0.2236529176981994,0.6946732112234353,
help me make my code better,minilm_hybrid_reranker_tinybert,pk_02577,9,0.6798404322775298,-11.530726901136026,0.0,-8.071508830795217,0.6798404322775298,
help me make my code better,minilm_hybrid_reranker_tinybert,pk_18500,10,0.6724116677834183,-10.274179832867796,0.0,-7.191925883007457,0.6724116677834183,
help me make my code better,minilm_hybrid_reranker_metadata_minilm,pk_11322,1,0.9049266858909925,-8.265382187362176,0.9716703753257867,-5.494266418555787,0.980364506117167,0.47744570460933655
help me make my code better,minilm_hybrid_reranker_metadata_minilm,pk_08769,2,0.871836158956831,-7.602053552640302,0.8604339060803653,-5.063307315024101,1.0,0.14557439304554007
help me make my code better,minilm_hybrid_reranker_metadata_minilm,pk_04970,3,0.6907378203091448,1.0,0.6490246421857377,0.8947073926557213,0.7108633945263721,0.5766928997448567
help me make my code better,minilm_hybrid_reranker_metadata_minilm,pk_17181,4,0.6536567795339817,-9.746396049707274,0.0,-6.822477234795091,0.6773014321836088,0.519670414519428
help me make my code better,minilm_hybrid_reranker_metadata_minilm,pk_10622,5,0.6178394637891121,0.0,0.8429259546009356,0.25287778638028063,0.696961465823329,0.16948145226188363
help me make my code better,minilm_hybrid_reranker_metadata_minilm,pk_06446,6,0.5773829227701525,-10.375721726898254,0.0,-7.263005208828777,0.6232458053097469,0.3174932550457837
help me make my code better,minilm_hybrid_reranker_metadata_minilm,pk_04143,7,0.5601605230419403,-10.737739650803809,0.0,-7.5164177555626654,0.6362963162343278,0.12872436161841153
help me make my code better,minilm_hybrid_reranker_metadata_minilm,pk_01287,8,0.5347616995385127,0.0,1.0,0.3,0.56135945474369,0.3840410867091751
help me make my code better,minilm_hybrid_reranker_metadata_minilm,pk_01380,9,0.5271708886963026,0.0,0.7638828605947323,0.2291648581784197,0.5898113388320538,0.1722083379270455
help me make my code better,minilm_hybrid_reranker_metadata_minilm,pk_06488,10,0.5235966443800838,-11.951088319482519,0.7476046253185707,-8.141480436042192,0.6087945102487304,0.0408087377910865
help me make my code better,minilm_hybrid_reranker_metadata_tinybert,pk_11322,1,0.9216168556914005,-8.265382187362176,0.9716703753257867,-5.494266418555787,1.0,0.47744570460933655
help me make my code better,minilm_hybrid_reranker_metadata_tinybert,pk_01287,2,0.8655043147147898,0.0,1.0,0.3,0.9504684137746043,0.3840410867091751
help me make my code better,minilm_hybrid_reranker_metadata_tinybert,pk_08769,3,0.8587690407628644,-7.602053552640302,0.8604339060803653,-5.063307315024101,0.984626919771804,0.14557439304554007
help me make my code better,minilm_hybrid_reranker_metadata_tinybert,pk_04970,4,0.7454473718369357,1.0,0.6490246421857377,0.8947073926557213,0.7752275727943614,0.5766928997448567
help me make my code better,minilm_hybrid_reranker_metadata_tinybert,pk_10622,5,0.7205427288288759,0.0,0.8429259546009356,0.25287778638028063,0.8177888364583452,0.16948145226188363
help me make my code better,minilm_hybrid_reranker_metadata_tinybert,pk_02750,6,0.675813084928254,0.0,0.6595058546878754,0.1978517564063626,0.780082168112495,0.08495494688422164
help me make my code better,minilm_hybrid_reranker_metadata_tinybert,pk_00683,7,0.6684148987171638,-13.449582169490158,0.0,-9.41470751864311,0.7712620481752602,0.0856143851212838
help me make my code better,minilm_hybrid_reranker_metadata_tinybert,pk_02577,8,0.6317220896000217,-11.530726901136026,0.0,-8.071508830795217,0.6798404322775298,0.35905148109414275
help me make my code better,minilm_hybrid_reranker_metadata_tinybert,pk_05946,9,0.6300696440429437,0.0,0.7455097256606646,0.2236529176981994,0.6946732112234353,0.26398276335349213
help me make my code better,minilm_hybrid_reranker_metadata_tinybert,pk_17181,10,0.597065243784717,-9.746396049707274,0.0,-6.822477234795091,0.6107231548315327,0.519670414519428
help me make my code better,bge_small_semantic,pk_08769,1,0.5855070352554321,0.5855070352554321,0.0,0.5855070352554321,,
help me make my code better,bge_small_semantic,pk_11322,2,0.5419007539749146,0.5419007539749146,0.0,0.5419007539749146,,
help me make my code better,bge_small_semantic,pk_14312,3,0.5106398165225983,0.5106398165225983,0.0,0.5106398165225983,,
help me make my code better,bge_small_semantic,pk_02277,4,0.506873369216919,0.506873369216919,0.0,0.506873369216919,,
help me make my code better,bge_small_semantic,pk_10974,5,0.5040989816188812,0.5040989816188812,0.0,0.5040989816188812,,
help me make my code better,bge_small_semantic,pk_14989,6,0.5040273368358612,0.5040273368358612,0.0,0.5040273368358612,,
help me make my code better,bge_small_semantic,pk_04772,7,0.5004885494709015,0.5004885494709015,0.0,0.5004885494709015,,
help me make my code better,bge_small_semantic,pk_02261,8,0.4985072612762451,0.4985072612762451,0.0,0.4985072612762451,,
help me make my code better,bge_small_semantic,pk_15065,9,0.4911656379699707,0.4911656379699707,0.0,0.4911656379699707,,
help me make my code better,bge_small_semantic,pk_06488,10,0.48552966117858887,0.48552966117858887,0.0,0.48552966117858887,,
help me make my code better,bge_small_semantic_reranker_minilm,pk_08769,1,1.0,0.5855070352554321,0.0,0.5855070352554321,1.0,
help me make my code better,bge_small_semantic_reranker_minilm,pk_11322,2,0.9800068469947052,0.5419007539749146,0.0,0.5419007539749146,0.9800068469947052,
help me make my code better,bge_small_semantic_reranker_minilm,pk_04970,3,0.7055986573488086,0.4789978861808777,0.0,0.4789978861808777,0.7055986573488086,
help me make my code better,bge_small_semantic_reranker_minilm,pk_17181,4,0.6714255029718497,0.45493578910827637,0.0,0.45493578910827637,0.6714255029718497,
help me make my code better,bge_small_semantic_reranker_minilm,pk_04143,5,0.6296735835659728,0.4396907091140747,0.0,0.4396907091140747,0.6296735835659728,
help me make my code better,bge_small_semantic_reranker_minilm,pk_06488,6,0.6016709862265482,0.48552966117858887,0.0,0.48552966117858887,0.6016709862265482,
help me make my code better,bge_small_semantic_reranker_minilm,pk_00807,7,0.5265348466189134,0.46395015716552734,0.0,0.46395015716552734,0.5265348466189134,
help me make my code better,bge_small_semantic_reranker_minilm,pk_00514,8,0.5085930200832263,0.43498462438583374,0.0,0.43498462438583374,0.5085930200832263,
help me make my code better,bge_small_semantic_reranker_minilm,pk_04772,9,0.4645403199226384,0.5004885494709015,0.0,0.5004885494709015,0.4645403199226384,
help me make my code better,bge_small_semantic_reranker_minilm,pk_11347,10,0.45940210821387206,0.45902693271636963,0.0,0.45902693271636963,0.45940210821387206,
help me make my code better,bge_small_semantic_reranker_tinybert,pk_11322,1,1.0,0.5419007539749146,0.0,0.5419007539749146,1.0,
help me make my code better,bge_small_semantic_reranker_tinybert,pk_08769,2,0.9847795260077812,0.5855070352554321,0.0,0.5855070352554321,0.9847795260077812,
help me make my code better,bge_small_semantic_reranker_tinybert,pk_04970,3,0.7774515317373538,0.4789978861808777,0.0,0.4789978861808777,0.7774515317373538,
help me make my code better,bge_small_semantic_reranker_tinybert,pk_17181,4,0.6145747023547476,0.45493578910827637,0.0,0.45493578910827637,0.6145747023547476,
help me make my code better,bge_small_semantic_reranker_tinybert,pk_04143,5,0.606463167915384,0.4396907091140747,0.0,0.4396907091140747,0.606463167915384,
help me make my code better,bge_small_semantic_reranker_tinybert,pk_00807,6,0.5752531310299721,0.46395015716552734,0.0,0.46395015716552734,0.5752531310299721,
help me make my code better,bge_small_semantic_reranker_tinybert,pk_19446,7,0.5616312736515795,0.45434725284576416,0.0,0.45434725284576416,0.5616312736515795,
help me make my code better,bge_small_semantic_reranker_tinybert,pk_00514,8,0.5117134332889547,0.43498462438583374,0.0,0.43498462438583374,0.5117134332889547,
help me make my code better,bge_small_semantic_reranker_tinybert,pk_03805,9,0.4728811285365197,0.4624987840652466,0.0,0.4624987840652466,0.4728811285365197,
help me make my code better,bge_small_semantic_reranker_tinybert,pk_06488,10,0.42939058434927263,0.48552966117858887,0.0,0.48552966117858887,0.42939058434927263,
help me make my code better,bge_small_semantic_reranker_metadata_minilm,pk_11322,1,0.9034101857720825,0.5419007539749146,0.0,0.5419007539749146,0.9800068469947052,0.46936243884388806
help me make my code better,bge_small_semantic_reranker_metadata_minilm,pk_08769,2,0.8714664677554219,0.5855070352554321,0.0,0.5855070352554321,1.0,0.14310978503614602
help me make my code better,bge_small_semantic_reranker_metadata_minilm,pk_04970,3,0.6847982621619013,0.4789978861808777,0.0,0.4789978861808777,0.7055986573488086,0.5669293561027601
help me make my code better,bge_small_semantic_reranker_metadata_minilm,pk_17181,4,0.647342518729293,0.45493578910827637,0.0,0.45493578910827637,0.6714255029718497,0.5108722746881388
help me make my code better,bge_small_semantic_reranker_metadata_minilm,pk_04143,5,0.5542043003094854,0.4396907091140747,0.0,0.4396907091140747,0.6296735835659728,0.12654502852272329
help me make my code better,bge_small_semantic_reranker_metadata_minilm,pk_06488,6,0.5174380137614775,0.48552966117858887,0.0,0.48552966117858887,0.6016709862265482,0.04011783645940992
help me make my code better,bge_small_semantic_reranker_metadata_minilm,pk_00514,7,0.5111557155477149,0.43498462438583374,0.0,0.43498462438583374,0.5085930200832263,0.5256776565131507
help me make my code better,bge_small_semantic_reranker_metadata_minilm,pk_00807,8,0.4916844336359609,0.46395015716552734,0.0,0.46395015716552734,0.5265348466189134,0.29419876006589707
help me make my code better,bge_small_semantic_reranker_metadata_minilm,pk_02512,9,0.4637987181230738,0.47207313776016235,0.0,0.47207313776016235,0.42166793053310764,0.7025398477995488
help me make my code better,bge_small_semantic_reranker_metadata_minilm,pk_19446,10,0.42841623892201536,0.45434725284576416,0.0,0.45434725284576416,0.4513191552575423,0.29863304635402965
help me make my code better,bge_small_semantic_reranker_metadata_tinybert,pk_11322,1,0.9204043658265831,0.5419007539749146,0.0,0.5419007539749146,1.0,0.46936243884388806
help me make my code better,bge_small_semantic_reranker_metadata_tinybert,pk_08769,2,0.858529064862036,0.5855070352554321,0.0,0.5855070352554321,0.9847795260077812,0.14310978503614602
help me make my code better,bge_small_semantic_reranker_metadata_tinybert,pk_04970,3,0.7458732053921647,0.4789978861808777,0.0,0.4789978861808777,0.7774515317373538,0.5669293561027601
help me make my code better,bge_small_semantic_reranker_metadata_tinybert,pk_17181,4,0.5990193382047563,0.45493578910827637,0.0,0.45493578910827637,0.6145747023547476,0.5108722746881388
help me make my code better,bge_small_semantic_reranker_metadata_tinybert,pk_04143,5,0.534475447006485,0.4396907091140747,0.0,0.4396907091140747,0.606463167915384,0.12654502852272329
help me make my code better,bge_small_semantic_reranker_metadata_tinybert,pk_00807,6,0.5330949753853609,0.46395015716552734,0.0,0.46395015716552734,0.5752531310299721,0.29419876006589707
help me make my code better,bge_small_semantic_reranker_metadata_tinybert,pk_19446,7,0.522181539556947,0.45434725284576416,0.0,0.45434725284576416,0.5616312736515795,0.29863304635402965
help me make my code better,bge_small_semantic_reranker_metadata_tinybert,pk_00514,8,0.5138080667725841,0.43498462438583374,0.0,0.43498462438583374,0.5117134332889547,0.5256776565131507
help me make my code better,bge_small_semantic_reranker_metadata_tinybert,pk_03805,9,0.4479916460043386,0.4624987840652466,0.0,0.4624987840652466,0.4728811285365197,0.3069512449886458
help me make my code better,bge_small_semantic_reranker_metadata_tinybert,pk_16458,10,0.39213690632518255,0.4777780771255493,0.0,0.4777780771255493,0.34159882610826825,0.6785193608876973
help me make my code better,bge_small_hybrid,pk_08769,1,0.9581301718241095,1.0,0.8604339060803653,0.9581301718241095,,
help me make my code better,bge_small_hybrid,pk_11322,2,0.9393678416746192,0.9255238986812618,0.9716703753257867,0.9393678416746192,,
help me make my code better,bge_small_hybrid,pk_05988,3,0.8415132617260985,0.8080580439446379,0.9195754365495067,0.8415132617260985,,
help me make my code better,bge_small_hybrid,pk_14989,4,0.8310738432123733,0.8608390787584221,0.7616216269382596,0.8310738432123733,,
help me make my code better,bge_small_hybrid,pk_15065,5,0.8226898926039756,0.8388723079231589,0.7849309235258812,0.8226898926039756,,
help me make my code better,bge_small_hybrid,pk_14156,6,0.8221945810956941,0.8100710381100699,0.8504828480621505,0.8221945810956941,,
help me make my code better,bge_small_hybrid,pk_04772,7,0.8164192733372604,0.8547951080597338,0.7268756589848224,0.8164192733372604,,
help me make my code better,bge_small_hybrid,pk_10974,8,0.8051678253522031,0.8609614424171078,0.6749827188674254,0.8051678253522031,,
help me make my code better,bge_small_hybrid,pk_06488,9,0.804753939350207,0.8292465025066226,0.7476046253185707,0.804753939350207,,
help me make my code better,bge_small_hybrid,pk_01178,10,0.7734543740453691,0.7764576799891033,0.7664466601766563,0.7734543740453691,,
help me make my code better,bge_small_hybrid_reranker_minilm,pk_08769,1,1.0,1.0,0.8604339060803653,0.9581301718241095,1.0,
help me make my code better,bge_small_hybrid_reranker_minilm,pk_11322,2,0.9800068458028802,0.9255238986812618,0.9716703753257867,0.9393678416746192,0.9800068458028802,
help me make my code better,bge_small_hybrid_reranker_minilm,pk_04970,3,0.7055984106667433,0.8180907441563209,0.6490246421857377,0.767370913565146,0.7055984106667433,
help me make my code better,bge_small_hybrid_reranker_minilm,pk_10622,4,0.6914434369635323,0.0,0.8429259546009356,0.25287778638028063,0.6914434369635323,
help me make my code better,bge_small_hybrid_reranker_minilm,pk_17181,5,0.6714253213157819,0.7769945734465974,0.0,0.5438962014126182,0.6714253213157819,
help me make my code better,bge_small_hybrid_reranker_minilm,pk_04143,6,0.6296735465872861,0.7509571749590611,0.0,0.5256700224713428,0.6296735465872861,
help me make my code better,bge_small_hybrid_reranker_minilm,pk_06488,7,0.6016709624814951,0.8292465025066226,0.7476046253185707,0.804753939350207,0.6016709624814951,
help me make my code better,bge_small_hybrid_reranker_minilm,pk_01380,8,0.5823421280599111,0.0,0.7638828605947323,0.2291648581784197,0.5823421280599111,
help me make my code better,bge_small_hybrid_reranker_minilm,pk_04496,9,0.5670588239501999,0.0,0.9140251562565298,0.2742075468769589,0.5670588239501999,
help me make my code better,bge_small_hybrid_reranker_minilm,pk_01287,10,0.553372165957427,0.0,1.0,0.3,0.553372165957427,
help me make my code better,bge_small_hybrid_reranker_tinybert,pk_11322,1,1.0,0.9255238986812618,0.9716703753257867,0.9393678416746192,1.0,
help me make my code better,bge_small_hybrid_reranker_tinybert,pk_08769,2,0.9847795260077812,1.0,0.8604339060803653,0.9581301718241095,0.9847795260077812,
help me make my code better,bge_small_hybrid_reranker_tinybert,pk_01287,3,0.950958522409597,0.0,1.0,0.3,0.950958522409597,
help me make my code better,bge_small_hybrid_reranker_tinybert,pk_10622,4,0.8195914266039401,0.0,0.8429259546009356,0.25287778638028063,0.8195914266039401,
help me make my code better,bge_small_hybrid_reranker_tinybert,pk_02750,5,0.7822581114758747,0.0,0.6595058546878754,0.1978517564063626,0.7822581114758747,
help me make my code better,bge_small_hybrid_reranker_tinybert,pk_04970,6,0.7774515484701368,0.8180907441563209,0.6490246421857377,0.767370913565146,0.7774515484701368,
help me make my code better,bge_small_hybrid_reranker_tinybert,pk_05946,7,0.6976947094387386,0.0,0.7455097256606646,0.2236529176981994,0.6976947094387386,
help me make my code better,bge_small_hybrid_reranker_tinybert,pk_08320,8,0.6457396443902124,0.0,0.7840275821088282,0.23520827463264843,0.6457396443902124,
help me make my code better,bge_small_hybrid_reranker_tinybert,pk_17181,9,0.6145747692858793,0.7769945734465974,0.0,0.5438962014126182,0.6145747692858793,
help me make my code better,bge_small_hybrid_reranker_tinybert,pk_04143,10,0.6064634523726936,0.7509571749590611,0.0,0.5256700224713428,0.6064634523726936,
help me make my code better,bge_small_hybrid_reranker_metadata_minilm,pk_11322,1,0.9034101847590313,0.9255238986812618,0.9716703753257867,0.9393678416746192,0.9800068458028802,0.46936243884388806
help me make my code better,bge_small_hybrid_reranker_metadata_minilm,pk_08769,2,0.8714664677554219,1.0,0.8604339060803653,0.9581301718241095,1.0,0.14310978503614602
help me make my code better,bge_small_hybrid_reranker_metadata_minilm,pk_04970,3,0.6847980524821459,0.8180907441563209,0.6490246421857377,0.767370913565146,0.7055984106667433,0.5669293561027601
help me make my code better,bge_small_hybrid_reranker_metadata_minilm,pk_17181,4,0.6473423643216355,0.7769945734465974,0.0,0.5438962014126182,0.6714253213157819,0.5108722746881388
help me make my code better,bge_small_hybrid_reranker_metadata_minilm,pk_10622,5,0.6127187352538962,0.0,0.8429259546009356,0.25287778638028063,0.6914434369635323,0.16661209223262557
help me make my code better,bge_small_hybrid_reranker_metadata_minilm,pk_04143,6,0.5542042688776018,0.7509571749590611,0.0,0.5256700224713428,0.6296735465872861,0.12654502852272329
help me make my code better,bge_small_hybrid_reranker_metadata_minilm,pk_01287,7,0.5269972184600918,0.0,1.0,0.3,0.553372165957427,0.37753918264185926
help me make my code better,bge_small_hybrid_reranker_metadata_minilm,pk_01380,8,0.5203847305152194,0.0,0.7638828605947323,0.2291648581784197,0.5823421280599111,0.16929281109529937
help me make my code better,bge_small_hybrid_reranker_metadata_minilm,pk_06488,9,0.5174379935781823,0.8292465025066226,0.7476046253185707,0.804753939350207,0.6016709624814951,0.04011783645940992
help me make my code better,bge_small_hybrid_reranker_metadata_minilm,pk_00514,10,0.5111557919879872,0.7429195521042172,0.0,0.5200436864729521,0.5085931100129584,0.5256776565131507
help me make my code better,bge_small_hybrid_reranker_metadata_tinybert,pk_11322,1,0.9204043658265831,0.9255238986812618,0.9716703753257867,0.9393678416746192,1.0,0.46936243884388806
help me make my code better,bge_small_hybrid_reranker_metadata_tinybert,pk_01287,2,0.8649456214444363,0.0,1.0,0.3,0.950958522409597,0.37753918264185926
help me make my code better,bge_small_hybrid_reranker_metadata_tinybert,pk_08769,3,0.858529064862036,1.0,0.8604339060803653,0.9581301718241095,0.9847795260077812,0.14310978503614602
help me make my code better,bge_small_hybrid_reranker_metadata_tinybert,pk_04970,4,0.7458732196150303,0.8180907441563209,0.6490246421857377,0.767370913565146,0.7774515484701368,0.5669293561027601
help me make my code better,bge_small_hybrid_reranker_metadata_tinybert,pk_10622,5,0.7216445264482428,0.0,0.8429259546009356,0.25287778638028063,0.8195914266039401,0.16661209223262557
help me make my code better,bge_small_hybrid_reranker_metadata_tinybert,pk_02750,6,0.6774468907639271,0.0,0.6595058546878754,0.1978517564063626,0.7822581114758747,0.08351664006289079
help me make my code better,bge_small_hybrid_reranker_metadata_tinybert,pk_05946,7,0.6319675241765874,0.0,0.7455097256606646,0.2236529176981994,0.6976947094387386,0.2595134743577313
help me make my code better,bge_small_hybrid_reranker_metadata_tinybert,pk_17181,8,0.5990193950962183,0.7769945734465974,0.0,0.5438962014126182,0.6145747692858793,0.5108722746881388
help me make my code better,bge_small_hybrid_reranker_metadata_tinybert,pk_08320,9,0.5763812449921688,0.0,0.7840275821088282,0.23520827463264843,0.6457396443902124,0.18335031506992225
help me make my code better,bge_small_hybrid_reranker_metadata_tinybert,pk_04143,10,0.5344756887951981,0.7509571749590611,0.0,0.5256700224713428,0.6064634523726936,0.12654502852272329
help me make my code better,bge_small_keyword,pk_01287,1,0.2545264124762303,0.0,0.2545264124762303,0.2545264124762303,,
help me make my code better,bge_small_keyword,pk_11322,2,0.24731577474110472,0.0,0.24731577474110472,0.24731577474110472,,
help me make my code better,bge_small_keyword,pk_05988,3,0.2340562368662093,0.0,0.2340562368662093,0.2340562368662093,,
help me make my code better,bge_small_keyword,pk_04496,4,0.23264354393500036,0.0,0.23264354393500036,0.23264354393500036,,
help me make my code better,bge_small_keyword,pk_08769,5,0.21900315528754508,0.0,0.21900315528754508,0.21900315528754508,,
help me make my code better,bge_small_keyword,pk_14156,6,0.21647034818982602,0.0,0.21647034818982602,0.21647034818982602,,
help me make my code better,bge_small_keyword,pk_10622,7,0.2145469192076779,0.0,0.2145469192076779,0.2145469192076779,,
help me make my code better,bge_small_keyword,pk_11551,8,0.2080793531409616,0.0,0.2080793531409616,0.2080793531409616,,
help me make my code better,bge_small_keyword,pk_19680,9,0.20326683486143157,0.0,0.20326683486143157,0.20326683486143157,,
help me make my code better,bge_small_keyword,pk_15065,10,0.19978565200669685,0.0,0.19978565200669685,0.19978565200669685,,
write a creative story with a fantasy setting,minilm_semantic,pk_01265,1,0.4854142665863037,0.4854142665863037,0.0,0.4854142665863037,,
write a creative story with a fantasy setting,minilm_semantic,pk_10955,2,0.2757512331008911,0.2757512331008911,0.0,0.2757512331008911,,
write a creative story with a fantasy setting,minilm_semantic,pk_03808,3,0.2655947208404541,0.2655947208404541,0.0,0.2655947208404541,,
write a creative story with a fantasy setting,minilm_semantic,pk_04101,4,0.2530179023742676,0.2530179023742676,0.0,0.2530179023742676,,
write a creative story with a fantasy setting,minilm_semantic,pk_09592,5,0.2516216039657593,0.2516216039657593,0.0,0.2516216039657593,,
write a creative story with a fantasy setting,minilm_semantic,pk_16368,6,0.2480630874633789,0.2480630874633789,0.0,0.2480630874633789,,
write a creative story with a fantasy setting,minilm_semantic,pk_02692,7,0.23807984590530396,0.23807984590530396,0.0,0.23807984590530396,,
write a creative story with a fantasy setting,minilm_semantic,pk_03501,8,0.2338200807571411,0.2338200807571411,0.0,0.2338200807571411,,
write a creative story with a fantasy setting,minilm_semantic,pk_05513,9,0.22824633121490479,0.22824633121490479,0.0,0.22824633121490479,,
write a creative story with a fantasy setting,minilm_semantic,pk_12626,10,0.20348048210144043,0.20348048210144043,0.0,0.20348048210144043,,
write a creative story with a fantasy setting,minilm_semantic_reranker_minilm,pk_10955,1,1.0,0.2757512331008911,0.0,0.2757512331008911,1.0,
write a creative story with a fantasy setting,minilm_semantic_reranker_minilm,pk_02692,2,0.9424453177190275,0.23807984590530396,0.0,0.23807984590530396,0.9424453177190275,
write a creative story with a fantasy setting,minilm_semantic_reranker_minilm,pk_01265,3,0.9414709846555097,0.4854142665863037,0.0,0.4854142665863037,0.9414709846555097,
write a creative story with a fantasy setting,minilm_semantic_reranker_minilm,pk_01863,4,0.8780700249976255,0.19546079635620117,0.0,0.19546079635620117,0.8780700249976255,
write a creative story with a fantasy setting,minilm_semantic_reranker_minilm,pk_05641,5,0.8662389288984372,0.14675533771514893,0.0,0.14675533771514893,0.8662389288984372,
write a creative story with a fantasy setting,minilm_semantic_reranker_minilm,pk_08018,6,0.8510962323091251,0.13426464796066284,0.0,0.13426464796066284,0.8510962323091251,
write a creative story with a fantasy setting,minilm_semantic_reranker_minilm,pk_19617,7,0.8509819237422361,0.200758159160614,0.0,0.200758159160614,0.8509819237422361,
write a creative story with a fantasy setting,minilm_semantic_reranker_minilm,pk_16368,8,0.8482706425109973,0.2480630874633789,0.0,0.2480630874633789,0.8482706425109973,
write a creative story with a fantasy setting,minilm_semantic_reranker_minilm,pk_12626,9,0.845603881038899,0.20348048210144043,0.0,0.20348048210144043,0.845603881038899,
write a creative story with a fantasy setting,minilm_semantic_reranker_minilm,pk_04101,10,0.8246296739220589,0.2530179023742676,0.0,0.2530179023742676,0.8246296739220589,
write a creative story with a fantasy setting,minilm_semantic_reranker_tinybert,pk_02692,1,1.0,0.23807984590530396,0.0,0.23807984590530396,1.0,
write a creative story with a fantasy setting,minilm_semantic_reranker_tinybert,pk_10955,2,0.9845407458100331,0.2757512331008911,0.0,0.2757512331008911,0.9845407458100331,
write a creative story with a fantasy setting,minilm_semantic_reranker_tinybert,pk_01265,3,0.961618727312688,0.4854142665863037,0.0,0.4854142665863037,0.961618727312688,
write a creative story with a fantasy setting,minilm_semantic_reranker_tinybert,pk_04655,4,0.9214880979598795,0.11656033992767334,0.0,0.11656033992767334,0.9214880979598795,
write a creative story with a fantasy setting,minilm_semantic_reranker_tinybert,pk_12626,5,0.9185109019900084,0.20348048210144043,0.0,0.20348048210144043,0.9185109019900084,
write a creative story with a fantasy setting,minilm_semantic_reranker_tinybert,pk_19617,6,0.899680462789272,0.200758159160614,0.0,0.200758159160614,0.899680462789272,
write a creative story with a fantasy setting,minilm_semantic_reranker_tinybert,pk_19884,7,0.8961229380317267,0.14684152603149414,0.0,0.14684152603149414,0.8961229380317267,
write a creative story with a fantasy setting,minilm_semantic_reranker_tinybert,pk_09601,8,0.8775422920497953,0.18807804584503174,0.0,0.18807804584503174,0.8775422920497953,
write a creative story with a fantasy setting,minilm_semantic_reranker_tinybert,pk_08018,9,0.8453371329389349,0.13426464796066284,0.0,0.13426464796066284,0.8453371329389349,
write a creative story with a fantasy setting,minilm_semantic_reranker_tinybert,pk_04101,10,0.7767436189876328,0.2530179023742676,0.0,0.2530179023742676,0.7767436189876328,
write a creative story with a fantasy setting,minilm_semantic_reranker_metadata_minilm,pk_01265,1,0.9114258918648491,0.4854142665863037,0.0,0.4854142665863037,0.9414709846555097,0.7411703660511058
write a creative story with a fantasy setting,minilm_semantic_reranker_metadata_minilm,pk_10955,2,0.8919265781222175,0.2757512331008911,0.0,0.2757512331008911,1.0,0.27951052081478384
write a creative story with a fantasy setting,minilm_semantic_reranker_metadata_minilm,pk_05641,3,0.8863030895636717,0.14675533771514893,0.0,0.14675533771514893,0.8662389288984372,1.0
write a creative story with a fantasy setting,minilm_semantic_reranker_metadata_minilm,pk_01863,4,0.8601286627778029,0.19546079635620117,0.0,0.19546079635620117,0.8780700249976255,0.7584609435321418
write a creative story with a fantasy setting,minilm_semantic_reranker_metadata_minilm,pk_02692,5,0.8523922497012629,0.23807984590530396,0.0,0.23807984590530396,0.9424453177190275,0.3420915309339302
write a creative story with a fantasy setting,minilm_semantic_reranker_metadata_minilm,pk_08018,6,0.8343009055990274,0.13426464796066284,0.0,0.13426464796066284,0.8510962323091251,0.7391273875751405
write a creative story with a fantasy setting,minilm_semantic_reranker_metadata_minilm,pk_16368,7,0.7969260774635901,0.2480630874633789,0.0,0.2480630874633789,0.8482706425109973,0.5059735421949503
write a creative story with a fantasy setting,minilm_semantic_reranker_metadata_minilm,pk_12626,8,0.764797472156751,0.20348048210144043,0.0,0.20348048210144043,0.845603881038899,0.3068944884912452
write a creative story with a fantasy setting,minilm_semantic_reranker_metadata_minilm,pk_19617,9,0.7637891487638986,0.200758159160614,0.0,0.200758159160614,0.8509819237422361,0.26969675721998576
write a creative story with a fantasy setting,minilm_semantic_reranker_metadata_minilm,pk_04101,10,0.7456488623435549,0.2530179023742676,0.0,0.2530179023742676,0.8246296739220589,0.2980909300653656
write a creative story with a fantasy setting,minilm_semantic_reranker_metadata_tinybert,pk_01265,1,0.9285514731234507,0.4854142665863037,0.0,0.4854142665863037,0.961618727312688,0.7411703660511058
write a creative story with a fantasy setting,minilm_semantic_reranker_metadata_tinybert,pk_02692,2,0.9013137296400895,0.23807984590530396,0.0,0.23807984590530396,1.0,0.3420915309339302
write a creative story with a fantasy setting,minilm_semantic_reranker_metadata_tinybert,pk_10955,3,0.8787862120607457,0.2757512331008911,0.0,0.2757512331008911,0.9845407458100331,0.27951052081478384
write a creative story with a fantasy setting,minilm_semantic_reranker_metadata_tinybert,pk_08018,4,0.8294056711343657,0.13426464796066284,0.0,0.13426464796066284,0.8453371329389349,0.7391273875751405
write a creative story with a fantasy setting,minilm_semantic_reranker_metadata_tinybert,pk_12626,5,0.8267684399651939,0.20348048210144043,0.0,0.20348048210144043,0.9185109019900084,0.3068944884912452
write a creative story with a fantasy setting,minilm_semantic_reranker_metadata_tinybert,pk_09601,6,0.8172452882225174,0.18807804584503174,0.0,0.18807804584503174,0.8775422920497953,0.4755622665346095
write a creative story with a fantasy setting,minilm_semantic_reranker_metadata_tinybert,pk_04655,7,0.8101690775807505,0.11656033992767334,0.0,0.11656033992767334,0.9214880979598795,0.17936129543235244
write a creative story with a fantasy setting,minilm_semantic_reranker_metadata_tinybert,pk_19884,8,0.8092179604032277,0.14684152603149414,0.0,0.14684152603149414,0.8961229380317267,0.3167564205083999
write a creative story with a fantasy setting,minilm_semantic_reranker_metadata_tinybert,pk_19617,9,0.8051829069538792,0.200758159160614,0.0,0.200758159160614,0.899680462789272,0.26969675721998576
write a creative story with a fantasy setting,minilm_semantic_reranker_metadata_tinybert,pk_05641,10,0.7801383313103885,0.14675533771514893,0.0,0.14675533771514893,0.7413392133063393,1.0
write a creative story with a fantasy setting,minilm_hybrid,pk_01265,1,0.7,1.0,0.0,0.7,,
write a creative story with a fantasy setting,minilm_hybrid,pk_10955,2,0.6242183510722449,0.5680740185906016,0.7552217935294127,0.6242183510722449,,
write a creative story with a fantasy setting,minilm_hybrid,pk_03808,3,0.5468974003888605,0.5471506280774567,0.5463065357821362,0.5468974003888605,,
write a creative story with a fantasy setting,minilm_hybrid,pk_15679,4,0.5453366814425521,0.35048097348936014,1.0,0.5453366814425521,,
write a creative story with a fantasy setting,minilm_hybrid,pk_04101,5,0.5266087291513338,0.5212411743759132,0.5391330236273152,0.5266087291513338,,
write a creative story with a fantasy setting,minilm_hybrid,pk_02692,6,0.524535663883699,0.49046734365598793,0.6040284110816916,0.524535663883699,,
write a creative story with a fantasy setting,minilm_hybrid,pk_05513,7,0.5149994440549811,0.47020935915224893,0.6195096421613564,0.5149994440549811,,
write a creative story with a fantasy setting,minilm_hybrid,pk_01863,8,0.45475288898279276,0.4026680091847886,0.576284275178136,0.45475288898279276,,
write a creative story with a fantasy setting,minilm_hybrid,pk_04655,9,0.45154937341227486,0.2401254927000577,0.9448717617407816,0.45154937341227486,,
write a creative story with a fantasy setting,minilm_hybrid,pk_08823,10,0.449231751928311,0.4168154078512752,0.5248698881080613,0.449231751928311,,
write a creative story with a fantasy setting,minilm_hybrid_reranker_minilm,pk_10955,1,1.0,0.5680740185906016,0.7552217935294127,0.6242183510722449,1.0,
write a creative story with a fantasy setting,minilm_hybrid_reranker_minilm,pk_02692,2,0.9558631506611958,0.49046734365598793,0.6040284110816916,0.524535663883699,0.9558631506611958,
write a creative story with a fantasy setting,minilm_hybrid_reranker_minilm,pk_01265,3,0.9551159657246103,1.0,0.0,0.7,0.9551159657246103,
write a creative story with a fantasy setting,minilm_hybrid_reranker_minilm,pk_02851,4,0.9411791602828447,0.0,0.6791996422961593,0.20375989268884778,0.9411791602828447,
write a creative story with a fantasy setting,minilm_hybrid_reranker_minilm,pk_01863,5,0.9064957928133133,0.4026680091847886,0.576284275178136,0.45475288898279276,0.9064957928133133,
write a creative story with a fantasy setting,minilm_hybrid_reranker_minilm,pk_05641,6,0.8974229027312596,0.3023300875501909,0.4619509139340349,0.3502163354653441,0.8974229027312596,
write a creative story with a fantasy setting,minilm_hybrid_reranker_minilm,pk_08018,7,0.8858103296437753,0.2765980672650696,0.0,0.19361864708554868,0.8858103296437753,
write a creative story with a fantasy setting,minilm_hybrid_reranker_minilm,pk_19617,8,0.8857227923101264,0.41358108522943554,0.0,0.28950675966060485,0.8857227923101264,
write a creative story with a fantasy setting,minilm_hybrid_reranker_minilm,pk_16368,9,0.8836435972476966,0.5110337798843306,0.0,0.35772364591903144,0.8836435972476966,
write a creative story with a fantasy setting,minilm_hybrid_reranker_minilm,pk_12626,10,0.8815986040974013,0.4191893318925822,0.455858992647446,0.4301902301190413,0.8815986040974013,
write a creative story with a fantasy setting,minilm_hybrid_reranker_tinybert,pk_02692,1,1.0,0.49046734365598793,0.6040284110816916,0.524535663883699,1.0,
write a creative story with a fantasy setting,minilm_hybrid_reranker_tinybert,pk_10955,2,0.9845408189131115,0.5680740185906016,0.7552217935294127,0.6242183510722449,0.9845408189131115,
write a creative story with a fantasy setting,minilm_hybrid_reranker_tinybert,pk_01265,3,0.961618727312688,1.0,0.0,0.7,0.961618727312688,
write a creative story with a fantasy setting,minilm_hybrid_reranker_tinybert,pk_04655,4,0.9214881710629579,0.2401254927000577,0.9448717617407816,0.45154937341227486,0.9214881710629579,
write a creative story with a fantasy setting,minilm_hybrid_reranker_tinybert,pk_12626,5,0.918511230953861,0.4191893318925822,0.455858992647446,0.4301902301190413,0.918511230953861,
write a creative story with a fantasy setting,minilm_hybrid_reranker_tinybert,pk_07077,6,0.9050723996440027,0.0,0.47706105043014585,0.14311831512904374,0.9050723996440027,
write a creative story with a fantasy setting,minilm_hybrid_reranker_tinybert,pk_19617,7,0.8996804262377329,0.41358108522943554,0.0,0.28950675966060485,0.8996804262377329,
write a creative story with a fantasy setting,minilm_hybrid_reranker_tinybert,pk_19884,8,0.8961229380317267,0.3025076437579047,0.0,0.21175535063053327,0.8961229380317267,
write a creative story with a fantasy setting,minilm_hybrid_reranker_tinybert,pk_09601,9,0.8775428403228831,0.38745883421947713,0.5252013873902809,0.4287816001707182,0.8775428403228831,
write a creative story with a fantasy setting,minilm_hybrid_reranker_tinybert,pk_06152,10,0.8615184262340047,0.0,0.4949641893228522,0.14848925679685565,0.8615184262340047,
write a creative story with a fantasy setting,minilm_hybrid_reranker_metadata_minilm,pk_01265,1,0.9230241257735846,1.0,0.0,0.7,0.9551159657246103,0.7411703660511058
write a creative story with a fantasy setting,minilm_hybrid_reranker_metadata_minilm,pk_05641,2,0.9128094673215706,0.3023300875501909,0.4619509139340349,0.3502163354653441,0.8974229027312596,1.0
write a creative story with a fantasy setting,minilm_hybrid_reranker_metadata_minilm,pk_10955,3,0.8919265781222175,0.5680740185906016,0.7552217935294127,0.6242183510722449,1.0,0.27951052081478384
write a creative story with a fantasy setting,minilm_hybrid_reranker_metadata_minilm,pk_01863,4,0.8842905654211375,0.4026680091847886,0.576284275178136,0.45475288898279276,0.9064957928133133,0.7584609435321418
write a creative story with a fantasy setting,minilm_hybrid_reranker_metadata_minilm,pk_08018,5,0.86380788833348,0.2765980672650696,0.0,0.19361864708554868,0.8858103296437753,0.7391273875751405
write a creative story with a fantasy setting,minilm_hybrid_reranker_metadata_minilm,pk_02692,6,0.8637974077021059,0.49046734365598793,0.6040284110816916,0.524535663883699,0.9558631506611958,0.3420915309339302
write a creative story with a fantasy setting,minilm_hybrid_reranker_metadata_minilm,pk_02851,7,0.843889604678099,0.0,0.6791996422961593,0.20375989268884778,0.9411791602828447,0.2925821229178739
write a creative story with a fantasy setting,minilm_hybrid_reranker_metadata_minilm,pk_16368,8,0.8269930889897846,0.5110337798843306,0.0,0.35772364591903144,0.8836435972476966,0.5059735421949503
write a creative story with a fantasy setting,minilm_hybrid_reranker_metadata_minilm,pk_12626,9,0.7953929867564778,0.4191893318925822,0.455858992647446,0.4301902301190413,0.8815986040974013,0.3068944884912452
write a creative story with a fantasy setting,minilm_hybrid_reranker_metadata_minilm,pk_19617,10,0.7933188870466054,0.41358108522943554,0.0,0.28950675966060485,0.8857227923101264,0.26969675721998576
write a creative story with a fantasy setting,minilm_hybrid_reranker_metadata_tinybert,pk_01265,1,0.9285514731234507,1.0,0.0,0.7,0.961618727312688,0.7411703660511058
write a creative story with a fantasy setting,minilm_hybrid_reranker_metadata_tinybert,pk_02692,2,0.9013137296400895,0.49046734365598793,0.6040284110816916,0.524535663883699,1.0,0.3420915309339302
write a creative story with a fantasy setting,minilm_hybrid_reranker_metadata_tinybert,pk_10955,3,0.8787862741983623,0.5680740185906016,0.7552217935294127,0.6242183510722449,0.9845408189131115,0.27951052081478384
write a creative story with a fantasy setting,minilm_hybrid_reranker_metadata_tinybert,pk_08018,4,0.8294058575472156,0.2765980672650696,0.0,0.19361864708554868,0.8453373522481701,0.7391273875751405
write a creative story with a fantasy setting,minilm_hybrid_reranker_metadata_tinybert,pk_12626,5,0.8267687195844686,0.4191893318925822,0.455858992647446,0.4301902301190413,0.918511230953861,0.3068944884912452
write a creative story with a fantasy setting,minilm_hybrid_reranker_metadata_tinybert,pk_09601,6,0.8172457542546421,0.38745883421947713,0.5252013873902809,0.4287816001707182,0.8775428403228831,0.4755622665346095
write a creative story with a fantasy setting,minilm_hybrid_reranker_metadata_tinybert,pk_04492,7,0.816658497887618,0.0,0.6424542757164982,0.19273628271494944,0.8380077086465115,0.695679636920555
write a creative story with a fantasy setting,minilm_hybrid_reranker_metadata_tinybert,pk_04655,8,0.8101691397183671,0.2401254927000577,0.9448717617407816,0.45154937341227486,0.9214881710629579,0.17936129543235244
write a creative story with a fantasy setting,minilm_hybrid_reranker_metadata_tinybert,pk_19884,9,0.8092179604032277,0.3025076437579047,0.0,0.21175535063053327,0.8961229380317267,0.3167564205083999
write a creative story with a fantasy setting,minilm_hybrid_reranker_metadata_tinybert,pk_19617,10,0.8051828758850709,0.41358108522943554,0.0,0.28950675966060485,0.8996804262377329,0.26969675721998576
write a creative story with a fantasy setting,bge_small_semantic,pk_01265,1,0.5838897228240967,0.5838897228240967,0.0,0.5838897228240967,,
write a creative story with a fantasy setting,bge_small_semantic,pk_10955,2,0.5474429130554199,0.5474429130554199,0.0,0.5474429130554199,,
write a creative story with a fantasy setting,bge_small_semantic,pk_15679,3,0.5401966571807861,0.5401966571807861,0.0,0.5401966571807861,,
write a creative story with a fantasy setting,bge_small_semantic,pk_04492,4,0.5399583876132965,0.5399583876132965,0.0,0.5399583876132965,,
write a creative story with a fantasy setting,bge_small_semantic,pk_05513,5,0.5309793055057526,0.5309793055057526,0.0,0.5309793055057526,,
write a creative story with a fantasy setting,bge_small_semantic,pk_04091,6,0.529963880777359,0.529963880777359,0.0,0.529963880777359,,
write a creative story with a fantasy setting,bge_small_semantic,pk_16368,7,0.528938353061676,0.528938353061676,0.0,0.528938353061676,,
write a creative story with a fantasy setting,bge_small_semantic,pk_03740,8,0.5209336876869202,0.5209336876869202,0.0,0.5209336876869202,,
write a creative story with a fantasy setting,bge_small_semantic,pk_01863,9,0.5204916596412659,0.5204916596412659,0.0,0.5204916596412659,,
write a creative story with a fantasy setting,bge_small_semantic,pk_03289,10,0.509923905134201,0.509923905134201,0.0,0.509923905134201,,
write a creative story with a fantasy setting,bge_small_semantic_reranker_minilm,pk_10955,1,1.0,0.5474429130554199,0.0,0.5474429130554199,1.0,
write a creative story with a fantasy setting,bge_small_semantic_reranker_minilm,pk_02692,2,0.9591414881514515,0.484757661819458,0.0,0.484757661819458,0.9591414881514515,
write a creative story with a fantasy setting,bge_small_semantic_reranker_minilm,pk_01265,3,0.9584498016119302,0.5838897228240967,0.0,0.5838897228240967,0.9584498016119302,
write a creative story with a fantasy setting,bge_small_semantic_reranker_minilm,pk_02851,4,0.9455481754468594,0.4807853102684021,0.0,0.4807853102684021,0.9455481754468594,
write a creative story with a fantasy setting,bge_small_semantic_reranker_minilm,pk_01863,5,0.9134409724649848,0.5204916596412659,0.0,0.5204916596412659,0.9134409724649848,
write a creative story with a fantasy setting,bge_small_semantic_reranker_minilm,pk_16368,6,0.8922861615242275,0.528938353061676,0.0,0.528938353061676,0.8922861615242275,
write a creative story with a fantasy setting,bge_small_semantic_reranker_minilm,pk_04101,7,0.8755032277054667,0.5050628781318665,0.0,0.5050628781318665,0.8755032277054667,
write a creative story with a fantasy setting,bge_small_semantic_reranker_minilm,pk_19313,8,0.875332456450076,0.48505234718322754,0.0,0.48505234718322754,0.875332456450076,
write a creative story with a fantasy setting,bge_small_semantic_reranker_minilm,pk_14642,9,0.8738346039576772,0.4633597731590271,0.0,0.4633597731590271,0.8738346039576772,
write a creative story with a fantasy setting,bge_small_semantic_reranker_minilm,pk_09601,10,0.8492167624684308,0.4711715579032898,0.0,0.4711715579032898,0.8492167624684308,
write a creative story with a fantasy setting,bge_small_semantic_reranker_tinybert,pk_02692,1,1.0,0.484757661819458,0.0,0.484757661819458,1.0,
write a creative story with a fantasy setting,bge_small_semantic_reranker_tinybert,pk_10955,2,0.9876621979806753,0.5474429130554199,0.0,0.5474429130554199,0.9876621979806753,
write a creative story with a fantasy setting,bge_small_semantic_reranker_tinybert,pk_01265,3,0.9693683293439526,0.5838897228240967,0.0,0.5838897228240967,0.9693683293439526,
write a creative story with a fantasy setting,bge_small_semantic_reranker_tinybert,pk_09601,4,0.9022678531328342,0.4711715579032898,0.0,0.4711715579032898,0.9022678531328342,
write a creative story with a fantasy setting,bge_small_semantic_reranker_tinybert,pk_04608,5,0.8856632407991861,0.4942702054977417,0.0,0.4942702054977417,0.8856632407991861,
write a creative story with a fantasy setting,bge_small_semantic_reranker_tinybert,pk_04492,6,0.8707157670786618,0.5399583876132965,0.0,0.5399583876132965,0.8707157670786618,
write a creative story with a fantasy setting,bge_small_semantic_reranker_tinybert,pk_02851,7,0.8492817451860075,0.4807853102684021,0.0,0.4807853102684021,0.8492817451860075,
write a creative story with a fantasy setting,bge_small_semantic_reranker_tinybert,pk_11771,8,0.8411889624597588,0.4637793302536011,0.0,0.4637793302536011,0.8411889624597588,
write a creative story with a fantasy setting,bge_small_semantic_reranker_tinybert,pk_07277,9,0.8345703262766403,0.4869762659072876,0.0,0.4869762659072876,0.8345703262766403,
write a creative story with a fantasy setting,bge_small_semantic_reranker_tinybert,pk_16022,10,0.8221704621452621,0.4669165015220642,0.0,0.4669165015220642,0.8221704621452621,
write a creative story with a fantasy setting,bge_small_semantic_reranker_metadata_minilm,pk_01265,1,0.9250261997765067,0.5838897228240967,0.0,0.5838897228240967,0.9584498016119302,0.735625789375774
write a creative story with a fantasy setting,bge_small_semantic_reranker_metadata_minilm,pk_01863,2,0.8895018788409965,0.5204916596412659,0.0,0.5204916596412659,0.9134409724649848,0.75384701497173
write a creative story with a fantasy setting,bge_small_semantic_reranker_metadata_minilm,pk_10955,3,0.8873676344037313,0.5474429130554199,0.0,0.5474429130554199,1.0,0.2491175626915423
write a creative story with a fantasy setting,bge_small_semantic_reranker_metadata_minilm,pk_02692,4,0.8625303049330395,0.484757661819458,0.0,0.484757661819458,0.9591414881514515,0.315066933362038
write a creative story with a fantasy setting,bge_small_semantic_reranker_metadata_minilm,pk_02851,5,0.8431498587439954,0.4807853102684021,0.0,0.4807853102684021,0.9455481754468594,0.2628927307610998
write a creative story with a fantasy setting,bge_small_semantic_reranker_metadata_minilm,pk_16368,6,0.8316086968983583,0.528938353061676,0.0,0.528938353061676,0.8922861615242275,0.487769730685099
write a creative story with a fantasy setting,bge_small_semantic_reranker_metadata_minilm,pk_07277,7,0.8156049615680031,0.4869762659072876,0.0,0.4869762659072876,0.8417611845693634,0.6673863645602944
write a creative story with a fantasy setting,bge_small_semantic_reranker_metadata_minilm,pk_09601,8,0.79019248785756,0.4711715579032898,0.0,0.4711715579032898,0.8492167624684308,0.4557215983959585
write a creative story with a fantasy setting,bge_small_semantic_reranker_metadata_minilm,pk_08823,9,0.7898590915623935,0.4953959584236145,0.0,0.4953959584236145,0.8355443525814273,0.5309759457878689
write a creative story with a fantasy setting,bge_small_semantic_reranker_metadata_minilm,pk_04101,10,0.7844824501447901,0.5050628781318665,0.0,0.5050628781318665,0.8755032277054667,0.2686980439676224
write a creative story with a fantasy setting,bge_small_semantic_reranker_metadata_tinybert,pk_01265,1,0.9343069483487257,0.5838897228240967,0.0,0.5838897228240967,0.9693683293439526,0.735625789375774
write a creative story with a fantasy setting,bge_small_semantic_reranker_metadata_tinybert,pk_02692,2,0.8972600400043057,0.484757661819458,0.0,0.484757661819458,1.0,0.315066933362038
write a creative story with a fantasy setting,bge_small_semantic_reranker_metadata_tinybert,pk_10955,3,0.8768805026873053,0.5474429130554199,0.0,0.5474429130554199,0.9876621979806753,0.2491175626915423
write a creative story with a fantasy setting,bge_small_semantic_reranker_metadata_tinybert,pk_04492,4,0.8432613870742942,0.5399583876132965,0.0,0.5399583876132965,0.8707157670786618,0.6876865670495441
write a creative story with a fantasy setting,bge_small_semantic_reranker_metadata_tinybert,pk_09601,5,0.8352859149223029,0.4711715579032898,0.0,0.4711715579032898,0.9022678531328342,0.4557215983959585
write a creative story with a fantasy setting,bge_small_semantic_reranker_metadata_tinybert,pk_04608,6,0.8223448506747955,0.4942702054977417,0.0,0.4942702054977417,0.8856632407991861,0.4635406399699148
write a creative story with a fantasy setting,bge_small_semantic_reranker_metadata_tinybert,pk_07277,7,0.8094927320191885,0.4869762659072876,0.0,0.4869762659072876,0.8345703262766403,0.6673863645602944
write a creative story with a fantasy setting,bge_small_semantic_reranker_metadata_tinybert,pk_11771,8,0.790102518960878,0.4637793302536011,0.0,0.4637793302536011,0.8411889624597588,0.5006126724672203
write a creative story with a fantasy setting,bge_small_semantic_reranker_metadata_tinybert,pk_01863,9,0.765594365897668,0.5204916596412659,0.0,0.5204916596412659,0.7676674278257748,0.75384701497173
write a creative story with a fantasy setting,bge_small_semantic_reranker_metadata_tinybert,pk_02851,10,0.7613233930222713,0.4807853102684021,0.0,0.4807853102684021,0.8492817451860075,0.2628927307610998
write a creative story with a fantasy setting,bge_small_hybrid,pk_15679,1,0.9476182834621811,0.9251689763745446,1.0,0.9476182834621811,,
write a creative story with a fantasy setting,bge_small_hybrid,pk_04091,2,0.8873790146681784,0.9076437896767308,0.8400945396482228,0.8873790146681784,,
write a creative story with a fantasy setting,bge_small_hybrid,pk_10955,3,0.8828720426073945,0.937579292212244,0.7552217935294127,0.8828720426073945,,
write a creative story with a fantasy setting,bge_small_hybrid,pk_09151,4,0.8777368367843104,0.8457173120088068,0.9524490612604855,0.8777368367843104,,
write a creative story with a fantasy setting,bge_small_hybrid,pk_04492,5,0.8400689151531051,0.9247609034830795,0.6424542757164982,0.8400689151531051,,
write a creative story with a fantasy setting,bge_small_hybrid,pk_05513,6,0.8224208939762898,0.9093828590398328,0.6195096421613564,0.8224208939762898,,
write a creative story with a fantasy setting,bge_small_hybrid,pk_03740,7,0.815998933296894,0.8921782098977914,0.6382472878948002,0.815998933296894,,
write a creative story with a fantasy setting,bge_small_hybrid,pk_15873,8,0.8117960739660064,0.8290352717893059,0.7715712790449741,0.8117960739660064,,
write a creative story with a fantasy setting,bge_small_hybrid,pk_11771,9,0.8007400718000843,0.7942926756964342,0.8157839960419349,0.8007400718000843,,
write a creative story with a fantasy setting,bge_small_hybrid,pk_01863,10,0.796880101278224,0.8914211696068332,0.576284275178136,0.796880101278224,,
write a creative story with a fantasy setting,bge_small_hybrid_reranker_minilm,pk_10955,1,1.0,0.937579292212244,0.7552217935294127,0.8828720426073945,1.0,
write a creative story with a fantasy setting,bge_small_hybrid_reranker_minilm,pk_02692,2,0.9591414858393117,0.8302212607456643,0.6040284110816916,0.7623634058464723,0.9591414858393117,
write a creative story with a fantasy setting,bge_small_hybrid_reranker_minilm,pk_01265,3,0.9584497992606485,1.0,0.0,0.7,0.9584497992606485,
write a creative story with a fantasy setting,bge_small_hybrid_reranker_minilm,pk_02851,4,0.9455481723654886,0.8234180042474288,0.6791996422961593,0.7801524956620479,0.9455481723654886,
write a creative story with a fantasy setting,bge_small_hybrid_reranker_minilm,pk_01863,5,0.9134409675667015,0.8914211696068332,0.576284275178136,0.796880101278224,0.9134409675667015,
write a creative story with a fantasy setting,bge_small_hybrid_reranker_minilm,pk_05641,6,0.9050419809274344,0.0,0.4619509139340349,0.13858527418021047,0.9050419809274344,
write a creative story with a fantasy setting,bge_small_hybrid_reranker_minilm,pk_16368,7,0.8922861554288158,0.9058874174105384,0.0,0.6341211921873768,0.8922861554288158,
write a creative story with a fantasy setting,bge_small_hybrid_reranker_minilm,pk_04101,8,0.8755032489547953,0.8649970334963788,0.5391330236273152,0.7672378305356596,0.8755032489547953,
write a creative story with a fantasy setting,bge_small_hybrid_reranker_minilm,pk_19313,9,0.8753324493952722,0.8307259542729698,0.0,0.5815081679910789,0.8753324493952722,
write a creative story with a fantasy setting,bge_small_hybrid_reranker_minilm,pk_14642,10,0.8738345968181116,0.7935741203285734,0.0,0.5555018842300014,0.8738345968181116,
write a creative story with a fantasy setting,bge_small_hybrid_reranker_tinybert,pk_02692,1,1.0,0.8302212607456643,0.6040284110816916,0.7623634058464723,1.0,
write a creative story with a fantasy setting,bge_small_hybrid_reranker_tinybert,pk_10955,2,0.9876621396379143,0.937579292212244,0.7552217935294127,0.8828720426073945,0.9876621396379143,
write a creative story with a fantasy setting,bge_small_hybrid_reranker_tinybert,pk_01265,3,0.9693683293439526,1.0,0.0,0.7,0.9693683293439526,
write a creative story with a fantasy setting,bge_small_hybrid_reranker_tinybert,pk_04655,4,0.9373405164162819,0.0,0.9448717617407816,0.28346152852223444,0.9373405164162819,
write a creative story with a fantasy setting,bge_small_hybrid_reranker_tinybert,pk_07077,5,0.9242393285401643,0.0,0.47706105043014585,0.14311831512904374,0.9242393285401643,
write a creative story with a fantasy setting,bge_small_hybrid_reranker_tinybert,pk_09601,6,0.9022678531328342,0.8069529904112314,0.5252013873902809,0.7224275095049462,0.9022678531328342,
write a creative story with a fantasy setting,bge_small_hybrid_reranker_tinybert,pk_06152,7,0.8894793824558767,0.0,0.4949641893228522,0.14848925679685565,0.8894793824558767,
write a creative story with a fantasy setting,bge_small_hybrid_reranker_tinybert,pk_04608,8,0.8856632407991861,0.8465129393048868,0.5849649213330109,0.7680485339133241,0.8856632407991861,
write a creative story with a fantasy setting,bge_small_hybrid_reranker_tinybert,pk_04492,9,0.8707157379072813,0.9247609034830795,0.6424542757164982,0.8400689151531051,0.8707157379072813,
write a creative story with a fantasy setting,bge_small_hybrid_reranker_tinybert,pk_02851,10,0.8492817451860075,0.8234180042474288,0.6791996422961593,0.7801524956620479,0.8492817451860075,
write a creative story with a fantasy setting,bge_small_hybrid_reranker_metadata_minilm,pk_01265,1,0.9257260347372442,1.0,0.0,0.7,0.9584497992606485,0.74029136910462
write a creative story with a fantasy setting,bge_small_hybrid_reranker_metadata_minilm,pk_05641,2,0.9192856837883192,0.0,0.4619509139340349,0.13858527418021047,0.9050419809274344,1.0
write a creative story with a fantasy setting,bge_small_hybrid_reranker_metadata_minilm,pk_10955,3,0.8915595559757288,0.937579292212244,0.7552217935294127,0.8828720426073945,1.0,0.2770637065048586
write a creative story with a fantasy setting,bge_small_hybrid_reranker_metadata_minilm,pk_01863,4,0.8900709223550446,0.8914211696068332,0.576284275178136,0.796880101278224,0.9134409675667015,0.7576406661556563
write a creative story with a fantasy setting,bge_small_hybrid_reranker_metadata_minilm,pk_02692,5,0.8662488496409967,0.8302212607456643,0.6040284110816916,0.7623634058464723,0.9591414858393117,0.33985724451721205
write a creative story with a fantasy setting,bge_small_hybrid_reranker_metadata_minilm,pk_02851,6,0.8472429015631587,0.8234180042474288,0.6791996422961593,0.7801524956620479,0.9455481723654886,0.2901797003499567
write a creative story with a fantasy setting,bge_small_hybrid_reranker_metadata_minilm,pk_16368,7,0.8340876030708866,0.9058874174105384,0.0,0.6341211921873768,0.8922861554288158,0.504295806375954
write a creative story with a fantasy setting,bge_small_hybrid_reranker_metadata_minilm,pk_07277,8,0.8167946155122021,0.8340209578478822,0.0,0.5838146704935175,0.8417611897620314,0.6753173614298361
write a creative story with a fantasy setting,bge_small_hybrid_reranker_metadata_minilm,pk_09601,9,0.7929014287460745,0.8069529904112314,0.5252013873902809,0.7224275095049462,0.8492167539357677,0.47378125267114685
write a creative story with a fantasy setting,bge_small_hybrid_reranker_metadata_minilm,pk_08823,10,0.7920278671379645,0.8484409624946561,0.5248698881080613,0.7513696401786776,0.835544343275057,0.5454345023611072
write a creative story with a fantasy setting,bge_small_hybrid_reranker_metadata_tinybert,pk_01265,1,0.9350067853080526,1.0,0.0,0.7,0.9693683293439526,0.74029136910462
write a creative story with a fantasy setting,bge_small_hybrid_reranker_metadata_tinybert,pk_02692,2,0.9009785866775818,0.8302212607456643,0.6040284110816916,0.7623634058464723,1.0,0.33985724451721205
write a creative story with a fantasy setting,bge_small_hybrid_reranker_metadata_tinybert,pk_10955,3,0.881072374667956,0.937579292212244,0.7552217935294127,0.8828720426073945,0.9876621396379143,0.2770637065048586
write a creative story with a fantasy setting,bge_small_hybrid_reranker_metadata_tinybert,pk_04492,4,0.8443052999364492,0.9247609034830795,0.6424542757164982,0.8400689151531051,0.8707157379072813,0.6946461514350675
write a creative story with a fantasy setting,bge_small_hybrid_reranker_metadata_tinybert,pk_09601,5,0.8379948630635811,0.8069529904112314,0.5252013873902809,0.7224275095049462,0.9022678531328342,0.47378125267114685
write a creative story with a fantasy setting,bge_small_hybrid_reranker_metadata_tinybert,pk_04608,6,0.8249976748837975,0.8465129393048868,0.5849649213330109,0.7680485339133241,0.8856632407991861,0.48122613469659503
write a creative story with a fantasy setting,bge_small_hybrid_reranker_metadata_tinybert,pk_05641,7,0.8245309373283811,0.0,0.4619509139340349,0.13858527418021047,0.7935658086216248,1.0
write a creative story with a fantasy setting,bge_small_hybrid_reranker_metadata_tinybert,pk_04655,8,0.8232255944387808,0.0,0.9448717617407816,0.28346152852223444,0.9373405164162819,0.17657436989960848
write a creative story with a fantasy setting,bge_small_hybrid_reranker_metadata_tinybert,pk_07277,9,0.8106823319582728,0.8340209578478822,0.0,0.5838146704935175,0.8345702679338792,0.6753173614298361
write a creative story with a fantasy setting,bge_small_hybrid_reranker_metadata_tinybert,pk_07077,10,0.8078159126384659,0.0,0.47706105043014585,0.14311831512904374,0.9242393285401643,0.14808322252884168
write a creative story with a fantasy setting,bge_small_keyword,pk_15679,1,0.2592423224570165,0.0,0.2592423224570165,0.2592423224570165,,
write a creative story with a fantasy setting,bge_small_keyword,pk_09151,2,0.24691510666317343,0.0,0.24691510666317343,0.24691510666317343,,
write a creative story with a fantasy setting,bge_small_keyword,pk_04655,3,0.24495074993773297,0.0,0.24495074993773297,0.24495074993773297,,
write a creative story with a fantasy setting,bge_small_keyword,pk_04091,4,0.2177880595418634,0.0,0.2177880595418634,0.2177880595418634,,
write a creative story with a fantasy setting,bge_small_keyword,pk_18112,5,0.21652735595688674,0.0,0.21652735595688674,0.21652735595688674,,
write a creative story with a fantasy setting,bge_small_keyword,pk_04937,6,0.21629271899343558,0.0,0.21629271899343558,0.21629271899343558,,
write a creative story with a fantasy setting,bge_small_keyword,pk_11771,7,0.21148573775717674,0.0,0.21148573775717674,0.21148573775717674,,
write a creative story with a fantasy setting,bge_small_keyword,pk_15089,8,0.2068845299953108,0.0,0.2068845299953108,0.2068845299953108,,
write a creative story with a fantasy setting,bge_small_keyword,pk_15873,9,0.20002393032074986,0.0,0.20002393032074986,0.20002393032074986,,
write a creative story with a fantasy setting,bge_small_keyword,pk_18814,10,0.19781770884693525,0.0,0.19781770884693525,0.19781770884693525,,
improve my resume for a software engineering job,minilm_semantic,pk_17573,1,0.14999687671661377,0.14999687671661377,0.0,0.14999687671661377,,
improve my resume for a software engineering job,minilm_semantic,pk_13860,2,0.08243668079376221,0.08243668079376221,0.0,0.08243668079376221,,
improve my resume for a software engineering job,minilm_semantic,pk_15879,3,0.044502198696136475,0.044502198696136475,0.0,0.044502198696136475,,
improve my resume for a software engineering job,minilm_semantic,pk_17921,4,0.03517794609069824,0.03517794609069824,0.0,0.03517794609069824,,
improve my resume for a software engineering job,minilm_semantic,pk_19113,5,0.00791710615158081,0.00791710615158081,0.0,0.00791710615158081,,
improve my resume for a software engineering job,minilm_semantic,pk_09612,6,-0.008885979652404785,-0.008885979652404785,0.0,-0.008885979652404785,,
improve my resume for a software engineering job,minilm_semantic,pk_00120,7,-0.024515509605407715,-0.024515509605407715,0.0,-0.024515509605407715,,
improve my resume for a software engineering job,minilm_semantic,pk_01649,8,-0.02974855899810791,-0.02974855899810791,0.0,-0.02974855899810791,,
improve my resume for a software engineering job,minilm_semantic,pk_19430,9,-0.06342709064483643,-0.06342709064483643,0.0,-0.06342709064483643,,
improve my resume for a software engineering job,minilm_semantic,pk_12832,10,-0.06383991241455078,-0.06383991241455078,0.0,-0.06383991241455078,,
improve my resume for a software engineering job,minilm_semantic_reranker_minilm,pk_17573,1,1.0,0.14999687671661377,0.0,0.14999687671661377,1.0,
improve my resume for a software engineering job,minilm_semantic_reranker_minilm,pk_15879,2,0.9563413365636632,0.044502198696136475,0.0,0.044502198696136475,0.9563413365636632,
improve my resume for a software engineering job,minilm_semantic_reranker_minilm,pk_18479,3,0.8294154370450452,-0.06850957870483398,0.0,-0.06850957870483398,0.8294154370450452,
improve my resume for a software engineering job,minilm_semantic_reranker_minilm,pk_01428,4,0.8193117437451978,-0.08229279518127441,0.0,-0.08229279518127441,0.8193117437451978,
improve my resume for a software engineering job,minilm_semantic_reranker_minilm,pk_14473,5,0.7870346720221297,-0.11749625205993652,0.0,-0.11749625205993652,0.7870346720221297,
improve my resume for a software engineering job,minilm_semantic_reranker_minilm,pk_04553,6,0.7616246508457575,-0.1916593313217163,0.0,-0.1916593313217163,0.7616246508457575,
improve my resume for a software engineering job,minilm_semantic_reranker_minilm,pk_05865,7,0.7606956382495114,-0.1594628095626831,0.0,-0.1594628095626831,0.7606956382495114,
improve my resume for a software engineering job,minilm_semantic_reranker_minilm,pk_01950,8,0.7172114643233812,-0.1125338077545166,0.0,-0.1125338077545166,0.7172114643233812,
improve my resume for a software engineering job,minilm_semantic_reranker_minilm,pk_18609,9,0.7083275972953822,-0.20821237564086914,0.0,-0.20821237564086914,0.7083275972953822,
improve my resume for a software engineering job,minilm_semantic_reranker_minilm,pk_16890,10,0.6737396789716614,-0.2156975269317627,0.0,-0.2156975269317627,0.6737396789716614,
improve my resume for a software engineering job,minilm_semantic_reranker_tinybert,pk_17573,1,1.0,0.14999687671661377,0.0,0.14999687671661377,1.0,
improve my resume for a software engineering job,minilm_semantic_reranker_tinybert,pk_15879,2,0.8748491784139933,0.044502198696136475,0.0,0.044502198696136475,0.8748491784139933,
improve my resume for a software engineering job,minilm_semantic_reranker_tinybert,pk_18479,3,0.7044777172619623,-0.06850957870483398,0.0,-0.06850957870483398,0.7044777172619623,
improve my resume for a software engineering job,minilm_semantic_reranker_tinybert,pk_16890,4,0.5891796332243225,-0.2156975269317627,0.0,-0.2156975269317627,0.5891796332243225,
improve my resume for a software engineering job,minilm_semantic_reranker_tinybert,pk_01428,5,0.5471382361744964,-0.08229279518127441,0.0,-0.08229279518127441,0.5471382361744964,
improve my resume for a software engineering job,minilm_semantic_reranker_tinybert,pk_12832,6,0.4450600707443689,-0.06383991241455078,0.0,-0.06383991241455078,0.4450600707443689,
improve my resume for a software engineering job,minilm_semantic_reranker_tinybert,pk_17921,7,0.442194279551915,0.03517794609069824,0.0,0.03517794609069824,0.442194279551915,
improve my resume for a software engineering job,minilm_semantic_reranker_tinybert,pk_14473,8,0.419421928310853,-0.11749625205993652,0.0,-0.11749625205993652,0.419421928310853,
improve my resume for a software engineering job,minilm_semantic_reranker_tinybert,pk_19113,9,0.4018611599408799,0.00791710615158081,0.0,0.00791710615158081,0.4018611599408799,
improve my resume for a software engineering job,minilm_semantic_reranker_tinybert,pk_04553,10,0.3734900758939826,-0.1916593313217163,0.0,-0.1916593313217163,0.3734900758939826,
improve my resume for a software engineering job,minilm_semantic_reranker_metadata_minilm,pk_17573,1,0.9547534168980162,0.14999687671661377,0.0,0.14999687671661377,1.0,0.6983561126534412
improve my resume for a software engineering job,minilm_semantic_reranker_metadata_minilm,pk_15879,2,0.9543836636947445,0.044502198696136475,0.0,0.044502198696136475,0.9563413365636632,0.9432901841042053
improve my resume for a software engineering job,minilm_semantic_reranker_metadata_minilm,pk_01428,3,0.7846017316062606,-0.08229279518127441,0.0,-0.08229279518127441,0.8193117437451978,0.5879116628189492
improve my resume for a software engineering job,minilm_semantic_reranker_metadata_minilm,pk_05865,4,0.7818711734149952,-0.1594628095626831,0.0,-0.1594628095626831,0.7606956382495114,0.9018658726860699
improve my resume for a software engineering job,minilm_semantic_reranker_metadata_minilm,pk_14473,5,0.7526084435995312,-0.11749625205993652,0.0,-0.11749625205993652,0.7870346720221297,0.5575264825381392
improve my resume for a software engineering job,minilm_semantic_reranker_metadata_minilm,pk_01950,6,0.7402908524259509,-0.1125338077545166,0.0,-0.1125338077545166,0.7172114643233812,0.8710740516738457
improve my resume for a software engineering job,minilm_semantic_reranker_metadata_minilm,pk_18609,7,0.739943300087628,-0.20821237564086914,0.0,-0.20821237564086914,0.7083275972953822,0.9190989492436881
improve my resume for a software engineering job,minilm_semantic_reranker_metadata_minilm,pk_18479,8,0.7133163024960419,-0.06850957870483398,0.0,-0.06850957870483398,0.8294154370450452,0.05542120671835731
improve my resume for a software engineering job,minilm_semantic_reranker_metadata_minilm,pk_04553,9,0.6996884568886882,-0.1916593313217163,0.0,-0.1916593313217163,0.7616246508457575,0.3487166911319624
improve my resume for a software engineering job,minilm_semantic_reranker_metadata_minilm,pk_18397,10,0.667356034551501,-0.14539921283721924,0.0,-0.14539921283721924,0.6731077647453637,0.6347628967862794
improve my resume for a software engineering job,minilm_semantic_reranker_metadata_tinybert,pk_17573,1,0.9547534168980162,0.14999687671661377,0.0,0.14999687671661377,1.0,0.6983561126534412
improve my resume for a software engineering job,minilm_semantic_reranker_metadata_tinybert,pk_15879,2,0.8851153292675251,0.044502198696136475,0.0,0.044502198696136475,0.8748491784139933,0.9432901841042053
improve my resume for a software engineering job,minilm_semantic_reranker_metadata_tinybert,pk_18479,3,0.6071192406804216,-0.06850957870483398,0.0,-0.06850957870483398,0.7044777172619623,0.05542120671835731
improve my resume for a software engineering job,minilm_semantic_reranker_metadata_tinybert,pk_16890,4,0.5813297474483144,-0.2156975269317627,0.0,-0.2156975269317627,0.5891796332243225,0.5368470613842683
improve my resume for a software engineering job,minilm_semantic_reranker_metadata_tinybert,pk_01428,5,0.5532542501711644,-0.08229279518127441,0.0,-0.08229279518127441,0.5471382361744964,0.5879116628189492
improve my resume for a software engineering job,minilm_semantic_reranker_metadata_tinybert,pk_12832,6,0.46895485595141956,-0.06383991241455078,0.0,-0.06383991241455078,0.4450600707443689,0.6043586387913735
improve my resume for a software engineering job,minilm_semantic_reranker_metadata_tinybert,pk_17921,7,0.46691174483747605,0.03517794609069824,0.0,0.03517794609069824,0.442194279551915,0.6069773814556556
improve my resume for a software engineering job,minilm_semantic_reranker_metadata_tinybert,pk_18609,8,0.4455492285651337,-0.20821237564086914,0.0,-0.20821237564086914,0.36198163079832996,0.9190989492436881
improve my resume for a software engineering job,minilm_semantic_reranker_metadata_tinybert,pk_14473,9,0.4401376114449459,-0.11749625205993652,0.0,-0.11749625205993652,0.419421928310853,0.5575264825381392
improve my resume for a software engineering job,minilm_semantic_reranker_metadata_tinybert,pk_04223,10,0.3869451356460779,-0.19503319263458252,0.0,-0.19503319263458252,0.34699818834612883,0.6133111703457895
improve my resume for a software engineering job,minilm_hybrid,pk_17573,1,0.8606684296758867,1.0,0.5355614322529559,0.8606684296758867,,
improve my resume for a software engineering job,minilm_hybrid,pk_13860,2,0.6847125208123885,0.5495893154462693,1.0,0.6847125208123885,,
improve my resume for a software engineering job,minilm_hybrid,pk_15879,3,0.35531187825797694,0.2966875022352207,0.4921020889777415,0.35531187825797694,,
improve my resume for a software engineering job,minilm_hybrid,pk_17921,4,0.3342723559378523,0.23452452384831493,0.5670172974801062,0.3342723559378523,,
improve my resume for a software engineering job,minilm_hybrid,pk_19113,5,0.28614952382685355,0.05278180669413836,0.8306741971365224,0.28614952382685355,,
improve my resume for a software engineering job,minilm_hybrid,pk_12522,6,0.23963912661293227,0.0,0.7987970887097743,0.23963912661293227,,
improve my resume for a software engineering job,minilm_hybrid,pk_18144,7,0.1818440510205156,0.0,0.606146836735052,0.1818440510205156,,
improve my resume for a software engineering job,minilm_hybrid,pk_00120,8,0.1804247148230917,-0.16344013383508244,0.9827760283588313,0.1804247148230917,,
improve my resume for a software engineering job,minilm_hybrid,pk_03303,9,0.17992136995235103,0.0,0.5997378998411701,0.17992136995235103,,
improve my resume for a software engineering job,minilm_hybrid,pk_13752,10,0.16950268959274706,0.0,0.5650089653091569,0.16950268959274706,,
improve my resume for a software engineering job,minilm_hybrid_reranker_minilm,pk_17573,1,1.0,1.0,0.5355614322529559,0.8606684296758867,1.0,
improve my resume for a software engineering job,minilm_hybrid_reranker_minilm,pk_15879,2,0.9568900254573455,0.2966875022352207,0.4921020889777415,0.35531187825797694,0.9568900254573455,
improve my resume for a software engineering job,minilm_hybrid_reranker_minilm,pk_18479,3,0.8315592923021702,-0.45674003488931186,0.0,-0.3197180244225183,0.8315592923021702,
improve my resume for a software engineering job,minilm_hybrid_reranker_minilm,pk_01428,4,0.821582579167597,-0.5486300580561329,0.4529575561532934,-0.24815377379330494,0.821582579167597,
improve my resume for a software engineering job,minilm_hybrid_reranker_minilm,pk_14473,5,0.789711155931704,-0.7833246573654993,0.0,-0.5483272601558494,0.789711155931704,
improve my resume for a software engineering job,minilm_hybrid_reranker_minilm,pk_04553,6,0.764620480225631,-1.2777554807612068,0.0,-0.8944288365328447,0.764620480225631,
improve my resume for a software engineering job,minilm_hybrid_reranker_minilm,pk_05865,7,0.7637031431790589,-1.0631075329918578,0.4360918740698368,-0.6133477108733494,0.7637031431790589,
improve my resume for a software engineering job,minilm_hybrid_reranker_minilm,pk_01950,8,0.7207654652151564,-0.7502410064652517,0.0,-0.5251687045256762,0.7207654652151564,
improve my resume for a software engineering job,minilm_hybrid_reranker_minilm,pk_18397,9,0.6772160476106136,-0.9693482692437603,0.0,-0.6785437884706321,0.6772160476106136,
improve my resume for a software engineering job,minilm_hybrid_reranker_minilm,pk_09887,10,0.6544358066832056,-1.0927690112973023,0.0,-0.7649383079081116,0.6544358066832056,
improve my resume for a software engineering job,minilm_hybrid_reranker_tinybert,pk_17573,1,1.0,1.0,0.5355614322529559,0.8606684296758867,1.0,
improve my resume for a software engineering job,minilm_hybrid_reranker_tinybert,pk_15879,2,0.8800813882626363,0.2966875022352207,0.4921020889777415,0.35531187825797694,0.8800813882626363,
improve my resume for a software engineering job,minilm_hybrid_reranker_tinybert,pk_18479,3,0.7168326868789441,-0.45674003488931186,0.0,-0.3197180244225183,0.7168326868789441,
improve my resume for a software engineering job,minilm_hybrid_reranker_tinybert,pk_01428,4,0.5660711345025612,-0.5486300580561329,0.4529575561532934,-0.24815377379330494,0.5660711345025612,
improve my resume for a software engineering job,minilm_hybrid_reranker_tinybert,pk_12832,5,0.46826057495569096,-0.4256082780654314,0.0,-0.29792579464580193,0.46826057495569096,
improve my resume for a software engineering job,minilm_hybrid_reranker_tinybert,pk_17921,6,0.4655145945700004,0.23452452384831493,0.5670172974801062,0.3342723559378523,0.4655145945700004,
improve my resume for a software engineering job,minilm_hybrid_reranker_tinybert,pk_14473,7,0.4436942923760824,-0.7833246573654993,0.0,-0.5483272601558494,0.4436942923760824,
improve my resume for a software engineering job,minilm_hybrid_reranker_tinybert,pk_19113,8,0.42686769118176754,0.05278180669413836,0.8306741971365224,0.28614952382685355,0.42686769118176754,
improve my resume for a software engineering job,minilm_hybrid_reranker_tinybert,pk_04553,9,0.39968272372192626,-1.2777554807612068,0.0,-0.8944288365328447,0.39968272372192626,
improve my resume for a software engineering job,minilm_hybrid_reranker_tinybert,pk_08388,10,0.3913021597029679,0.0,0.3768375345650346,0.11305126036951038,0.3913021597029679,
improve my resume for a software engineering job,minilm_hybrid_reranker_metadata_minilm,pk_17573,1,0.9561617050960274,1.0,0.5355614322529559,0.8606684296758867,1.0,0.707744700640183
improve my resume for a software engineering job,minilm_hybrid_reranker_metadata_minilm,pk_15879,2,0.955114811007513,0.2966875022352207,0.4921020889777415,0.35531187825797694,0.9568900254573455,0.9450552624584632
improve my resume for a software engineering job,minilm_hybrid_reranker_metadata_minilm,pk_01428,3,0.7884558631542363,-0.5486300580561329,0.4529575561532934,-0.24815377379330494,0.821582579167597,0.600737805745192
improve my resume for a software engineering job,minilm_hybrid_reranker_metadata_minilm,pk_05865,4,0.7848857125052963,-1.0631075329918578,0.4360918740698368,-0.6133477108733494,0.7637031431790589,0.9049202720206416
improve my resume for a software engineering job,minilm_hybrid_reranker_metadata_minilm,pk_14473,5,0.7569492359933733,-0.7833246573654993,0.0,-0.5483272601558494,0.789711155931704,0.5712983563428321
improve my resume for a software engineering job,minilm_hybrid_reranker_metadata_minilm,pk_01950,6,0.7439136712040539,-0.7502410064652517,0.0,-0.5251687045256762,0.7207654652151564,0.8750868384744731
improve my resume for a software engineering job,minilm_hybrid_reranker_metadata_minilm,pk_18479,7,0.7195485450646701,-0.45674003488931186,0.0,-0.3197180244225183,0.8315592923021702,0.08482097738550295
improve my resume for a software engineering job,minilm_hybrid_reranker_metadata_minilm,pk_04553,8,0.7052755655459924,-1.2777554807612068,0.0,-0.8944288365328447,0.764620480225631,0.3689877156947072
improve my resume for a software engineering job,minilm_hybrid_reranker_metadata_minilm,pk_18397,9,0.6725532615447164,-0.9693482692437603,0.0,-0.6785437884706321,0.6772160476106136,0.6461308071712993
improve my resume for a software engineering job,minilm_hybrid_reranker_metadata_minilm,pk_09887,10,0.6489702467671095,-1.0927690112973023,0.0,-0.7649383079081116,0.6544358066832056,0.6179987405758978
improve my resume for a software engineering job,minilm_hybrid_reranker_metadata_tinybert,pk_17573,1,0.9561617050960274,1.0,0.5355614322529559,0.8606684296758867,1.0,0.707744700640183
improve my resume for a software engineering job,minilm_hybrid_reranker_metadata_tinybert,pk_15879,2,0.8898274693920103,0.2966875022352207,0.4921020889777415,0.35531187825797694,0.8800813882626363,0.9450552624584632
improve my resume for a software engineering job,minilm_hybrid_reranker_metadata_tinybert,pk_18479,3,0.622030930454928,-0.45674003488931186,0.0,-0.3197180244225183,0.7168326868789441,0.08482097738550295
improve my resume for a software engineering job,minilm_hybrid_reranker_metadata_tinybert,pk_01428,4,0.5712711351889558,-0.5486300580561329,0.4529575561532934,-0.24815377379330494,0.5660711345025612,0.600737805745192
improve my resume for a software engineering job,minilm_hybrid_reranker_metadata_tinybert,pk_12832,5,0.49052241978890143,-0.4256082780654314,0.0,-0.29792579464580193,0.46826057495569096,0.6166728738437612
improve my resume for a software engineering job,minilm_hybrid_reranker_metadata_tinybert,pk_17921,6,0.48856892170747634,0.23452452384831493,0.5670172974801062,0.3342723559378523,0.4655145945700004,0.6192101088198401
improve my resume for a software engineering job,minilm_hybrid_reranker_metadata_tinybert,pk_14473,7,0.46283490197109484,-0.7833246573654993,0.0,-0.5483272601558494,0.4436942923760824,0.5712983563428321
improve my resume for a software engineering job,minilm_hybrid_reranker_metadata_tinybert,pk_03085,8,0.43819487320488143,0.0,0.386983133337232,0.1160949400011696,0.3623010513661351,0.868259863624444
improve my resume for a software engineering job,minilm_hybrid_reranker_metadata_tinybert,pk_04223,9,0.4119556444635558,-1.3002483578578439,0.0,-0.9101738505004906,0.374298388750879,0.6253467601687245
improve my resume for a software engineering job,minilm_hybrid_reranker_metadata_tinybert,pk_04553,10,0.3950784725178434,-1.2777554807612068,0.0,-0.8944288365328447,0.39968272372192626,0.3689877156947072
improve my resume for a software engineering job,bge_small_semantic,pk_17573,1,0.5356289744377136,0.5356289744377136,0.0,0.5356289744377136,,
improve my resume for a software engineering job,bge_small_semantic,pk_01428,2,0.4412353038787842,0.4412353038787842,0.0,0.4412353038787842,,
improve my resume for a software engineering job,bge_small_semantic,pk_15879,3,0.4151031970977783,0.4151031970977783,0.0,0.4151031970977783,,
improve my resume for a software engineering job,bge_small_semantic,pk_13860,4,0.39100921154022217,0.39100921154022217,0.0,0.39100921154022217,,
improve my resume for a software engineering job,bge_small_semantic,pk_01649,5,0.3813589811325073,0.3813589811325073,0.0,0.3813589811325073,,
improve my resume for a software engineering job,bge_small_semantic,pk_19113,6,0.3696010112762451,0.3696010112762451,0.0,0.3696010112762451,,
improve my resume for a software engineering job,bge_small_semantic,pk_18397,7,0.3536412715911865,0.3536412715911865,0.0,0.3536412715911865,,
improve my resume for a software engineering job,bge_small_semantic,pk_14473,8,0.34988558292388916,0.34988558292388916,0.0,0.34988558292388916,,
improve my resume for a software engineering job,bge_small_semantic,pk_12443,9,0.3467305898666382,0.3467305898666382,0.0,0.3467305898666382,,
improve my resume for a software engineering job,bge_small_semantic,pk_00120,10,0.3452441692352295,0.3452441692352295,0.0,0.3452441692352295,,
improve my resume for a software engineering job,bge_small_semantic_reranker_minilm,pk_17573,1,1.0,0.5356289744377136,0.0,0.5356289744377136,1.0,
improve my resume for a software engineering job,bge_small_semantic_reranker_minilm,pk_15879,2,0.9568323289267389,0.4151031970977783,0.0,0.4151031970977783,0.9568323289267389,
improve my resume for a software engineering job,bge_small_semantic_reranker_minilm,pk_18479,3,0.8313338585237886,0.3445512056350708,0.0,0.3445512056350708,0.8313338585237886,
improve my resume for a software engineering job,bge_small_semantic_reranker_minilm,pk_01428,4,0.8213437929866491,0.4412353038787842,0.0,0.4412353038787842,0.8213437929866491,
improve my resume for a software engineering job,bge_small_semantic_reranker_minilm,pk_14473,5,0.7894297144125028,0.34988558292388916,0.0,0.34988558292388916,0.7894297144125028,
improve my resume for a software engineering job,bge_small_semantic_reranker_minilm,pk_04553,6,0.7643054584282186,0.33128225803375244,0.0,0.33128225803375244,0.7643054584282186,
improve my resume for a software engineering job,bge_small_semantic_reranker_minilm,pk_05865,7,0.7633868936573078,0.3232738971710205,0.0,0.3232738971710205,0.7633868936573078,
improve my resume for a software engineering job,bge_small_semantic_reranker_minilm,pk_18609,8,0.7116077921290319,0.33790141344070435,0.0,0.33790141344070435,0.7116077921290319,
improve my resume for a software engineering job,bge_small_semantic_reranker_minilm,pk_16890,9,0.6774088551074162,0.29168927669525146,0.0,0.29168927669525146,0.6774088551074162,
improve my resume for a software engineering job,bge_small_semantic_reranker_minilm,pk_18397,10,0.6767840474903184,0.3536412715911865,0.0,0.3536412715911865,0.6767840474903184,
improve my resume for a software engineering job,bge_small_semantic_reranker_tinybert,pk_17573,1,1.0,0.5356289744377136,0.0,0.5356289744377136,1.0,
improve my resume for a software engineering job,bge_small_semantic_reranker_tinybert,pk_15879,2,0.8832870769576648,0.4151031970977783,0.0,0.4151031970977783,0.8832870769576648,
improve my resume for a software engineering job,bge_small_semantic_reranker_tinybert,pk_18479,3,0.7244023730295964,0.3445512056350708,0.0,0.3445512056350708,0.7244023730295964,
improve my resume for a software engineering job,bge_small_semantic_reranker_tinybert,pk_16890,4,0.6168778978509344,0.29168927669525146,0.0,0.29168927669525146,0.6168778978509344,
improve my resume for a software engineering job,bge_small_semantic_reranker_tinybert,pk_01428,5,0.5776710091043307,0.4412353038787842,0.0,0.4412353038787842,0.5776710091043307,
improve my resume for a software engineering job,bge_small_semantic_reranker_tinybert,pk_03023,6,0.5427274182728659,0.3162221908569336,0.0,0.3162221908569336,0.5427274182728659,
improve my resume for a software engineering job,bge_small_semantic_reranker_tinybert,pk_12832,7,0.48247514130923397,0.33326369524002075,0.0,0.33326369524002075,0.48247514130923397,
improve my resume for a software engineering job,bge_small_semantic_reranker_tinybert,pk_14473,8,0.458565569587126,0.34988558292388916,0.0,0.34988558292388916,0.458565569587126,
improve my resume for a software engineering job,bge_small_semantic_reranker_tinybert,pk_19113,9,0.442188780514907,0.3696010112762451,0.0,0.3696010112762451,0.442188780514907,
improve my resume for a software engineering job,bge_small_semantic_reranker_tinybert,pk_04553,10,0.415730527128871,0.33128225803375244,0.0,0.33128225803375244,0.415730527128871,
improve my resume for a software engineering job,bge_small_semantic_reranker_metadata_minilm,pk_17573,1,0.9558223770151146,0.5356289744377136,0.0,0.5356289744377136,1.0,0.705482513434098
improve my resume for a software engineering job,bge_small_semantic_reranker_metadata_minilm,pk_15879,2,0.9557662036179831,0.4151031970977783,0.0,0.4151031970977783,0.9568323289267389,0.9497248268683679
improve my resume for a software engineering job,bge_small_semantic_reranker_metadata_minilm,pk_01428,3,0.7874447221897672,0.4412353038787842,0.0,0.4412353038787842,0.8213437929866491,0.5953499876741037
improve my resume for a software engineering job,bge_small_semantic_reranker_metadata_minilm,pk_05865,4,0.785141485893198,0.3232738971710205,0.0,0.3232738971710205,0.7633868936573078,0.9084175085632424
improve my resume for a software engineering job,bge_small_semantic_reranker_metadata_minilm,pk_14473,5,0.7557728507166095,0.34988558292388916,0.0,0.34988558292388916,0.7894297144125028,0.5650506231065482
improve my resume for a software engineering job,bge_small_semantic_reranker_metadata_minilm,pk_18609,6,0.7437069104690421,0.33790141344070435,0.0,0.33790141344070435,0.7116077921290319,0.9256019143957672
improve my resume for a software engineering job,bge_small_semantic_reranker_metadata_minilm,pk_18479,7,0.7162882933738018,0.3445512056350708,0.0,0.3445512056350708,0.8313338585237886,0.06436342419054297
improve my resume for a software engineering job,bge_small_semantic_reranker_metadata_minilm,pk_04553,8,0.7031842244562295,0.33128225803375244,0.0,0.33128225803375244,0.7643054584282186,0.356830565281625
improve my resume for a software engineering job,bge_small_semantic_reranker_metadata_minilm,pk_18397,9,0.671576775588278,0.3536412715911865,0.0,0.3536412715911865,0.6767840474903184,0.6420689014767155
improve my resume for a software engineering job,bge_small_semantic_reranker_metadata_minilm,pk_16890,10,0.6574619677500366,0.29168927669525146,0.0,0.29168927669525146,0.6774088551074162,0.5444296060582184
improve my resume for a software engineering job,bge_small_semantic_reranker_metadata_tinybert,pk_17573,1,0.9558223770151146,0.5356289744377136,0.0,0.5356289744377136,1.0,0.705482513434098
improve my resume for a software engineering job,bge_small_semantic_reranker_metadata_tinybert,pk_15879,2,0.8932527394442703,0.4151031970977783,0.0,0.4151031970977783,0.8832870769576648,0.9497248268683679
improve my resume for a software engineering job,bge_small_semantic_reranker_metadata_tinybert,pk_18479,3,0.6253965307037385,0.3445512056350708,0.0,0.3445512056350708,0.7244023730295964,0.06436342419054297
improve my resume for a software engineering job,bge_small_semantic_reranker_metadata_tinybert,pk_16890,4,0.6060106540820269,0.29168927669525146,0.0,0.29168927669525146,0.6168778978509344,0.5444296060582184
improve my resume for a software engineering job,bge_small_semantic_reranker_metadata_tinybert,pk_01428,5,0.5803228558897966,0.4412353038787842,0.0,0.4412353038787842,0.5776710091043307,0.5953499876741037
improve my resume for a software engineering job,bge_small_semantic_reranker_metadata_tinybert,pk_12832,6,0.5018664470741783,0.33326369524002075,0.0,0.33326369524002075,0.48247514130923397,0.6117505130755291
improve my resume for a software engineering job,bge_small_semantic_reranker_metadata_tinybert,pk_18609,7,0.4830885893401218,0.33790141344070435,0.0,0.33790141344070435,0.40499800256559615,0.9256019143957672
improve my resume for a software engineering job,bge_small_semantic_reranker_metadata_tinybert,pk_14473,8,0.47453832761503933,0.34988558292388916,0.0,0.34988558292388916,0.458565569587126,0.5650506231065482
improve my resume for a software engineering job,bge_small_semantic_reranker_metadata_tinybert,pk_03023,9,0.47078011328031405,0.3162221908569336,0.0,0.3162221908569336,0.5427274182728659,0.06307871832252035
improve my resume for a software engineering job,bge_small_semantic_reranker_metadata_tinybert,pk_04223,10,0.4254727197045086,0.26042282581329346,0.0,0.26042282581329346,0.39102477135807095,0.6206777603343221
improve my resume for a software engineering job,bge_small_hybrid,pk_17573,1,0.8606684296758867,1.0,0.5355614322529559,0.8606684296758867,,
improve my resume for a software engineering job,bge_small_hybrid,pk_13860,2,0.8110000786747653,0.7300001123925218,1.0,0.8110000786747653,,
improve my resume for a software engineering job,bge_small_hybrid,pk_01649,3,0.7770154710142231,0.7119834798572015,0.9287567837139403,0.7770154710142231,,
improve my resume for a software engineering job,bge_small_hybrid,pk_00120,4,0.7460237074286032,0.6445584270299342,0.9827760283588313,0.7460237074286032,,
improve my resume for a software engineering job,bge_small_hybrid,pk_19430,5,0.7392106729048755,0.6402792764992912,0.970050597851239,0.7392106729048755,,
improve my resume for a software engineering job,bge_small_hybrid,pk_19113,6,0.7322245007307967,0.6900317736997715,0.8306741971365224,0.7322245007307967,,
improve my resume for a software engineering job,bge_small_hybrid,pk_01428,7,0.7125265590713299,0.8237704174647741,0.4529575561532934,0.7125265590713299,,
improve my resume for a software engineering job,bge_small_hybrid,pk_15879,8,0.6901185275270636,0.774982715476773,0.4921020889777415,0.6901185275270636,,
improve my resume for a software engineering job,bge_small_hybrid,pk_10093,9,0.6447171397223864,0.6066158244442162,0.7336202087047836,0.6447171397223864,,
improve my resume for a software engineering job,bge_small_hybrid,pk_08493,10,0.634951311499229,0.609439658736243,0.69447850127953,0.634951311499229,,
improve my resume for a software engineering job,bge_small_hybrid_reranker_minilm,pk_17573,1,1.0,1.0,0.5355614322529559,0.8606684296758867,1.0,
improve my resume for a software engineering job,bge_small_hybrid_reranker_minilm,pk_15879,2,0.9568323289267389,0.774982715476773,0.4921020889777415,0.6901185275270636,0.9568323289267389,
improve my resume for a software engineering job,bge_small_hybrid_reranker_minilm,pk_18479,3,0.8313338585237886,0.6432646889514702,0.0,0.4502852822660291,0.8313338585237886,
improve my resume for a software engineering job,bge_small_hybrid_reranker_minilm,pk_01428,4,0.82134376349703,0.8237704174647741,0.4529575561532934,0.7125265590713299,0.82134376349703,
improve my resume for a software engineering job,bge_small_hybrid_reranker_minilm,pk_14473,5,0.7894297144125028,0.653223779186307,0.0,0.4572566454304149,0.7894297144125028,
improve my resume for a software engineering job,bge_small_hybrid_reranker_minilm,pk_04553,6,0.7643054584282186,0.6184920417748537,0.0,0.43294442924239757,0.7643054584282186,
improve my resume for a software engineering job,bge_small_hybrid_reranker_minilm,pk_05865,7,0.7633868936573078,0.6035407205339913,0.4360918740698368,0.5533060665947449,0.7633868936573078,
improve my resume for a software engineering job,bge_small_hybrid_reranker_minilm,pk_18609,8,0.7116077921290319,0.6308497664739339,0.0,0.4415948365317537,0.7116077921290319,
improve my resume for a software engineering job,bge_small_hybrid_reranker_minilm,pk_16890,9,0.6774088551074162,0.544573371896951,0.0,0.38120136032786567,0.6774088551074162,
improve my resume for a software engineering job,bge_small_hybrid_reranker_minilm,pk_18397,10,0.6767840474903184,0.660235514634786,0.0,0.46216486024435016,0.6767840474903184,
improve my resume for a software engineering job,bge_small_hybrid_reranker_tinybert,pk_17573,1,1.0,1.0,0.5355614322529559,0.8606684296758867,1.0,
improve my resume for a software engineering job,bge_small_hybrid_reranker_tinybert,pk_15879,2,0.883286947267299,0.774982715476773,0.4921020889777415,0.6901185275270636,0.883286947267299,
improve my resume for a software engineering job,bge_small_hybrid_reranker_tinybert,pk_18479,3,0.7244022666677904,0.6432646889514702,0.0,0.4502852822660291,0.7244022666677904,
improve my resume for a software engineering job,bge_small_hybrid_reranker_tinybert,pk_16890,4,0.6168778072766213,0.544573371896951,0.0,0.38120136032786567,0.6168778072766213,
improve my resume for a software engineering job,bge_small_hybrid_reranker_tinybert,pk_01428,5,0.577670513171128,0.8237704174647741,0.4529575561532934,0.7125265590713299,0.577670513171128,
improve my resume for a software engineering job,bge_small_hybrid_reranker_tinybert,pk_03023,6,0.5427273385858431,0.590375438873324,0.0,0.4132628072113268,0.5427273385858431,
improve my resume for a software engineering job,bge_small_hybrid_reranker_tinybert,pk_12832,7,0.4824752172958413,0.6221913136604875,0.0,0.4355339195623412,0.4824752172958413,
improve my resume for a software engineering job,bge_small_hybrid_reranker_tinybert,pk_17921,8,0.4798024965812074,0.0,0.5670172974801062,0.17010518924403187,0.4798024965812074,
improve my resume for a software engineering job,bge_small_hybrid_reranker_tinybert,pk_14473,9,0.45856550225733256,0.653223779186307,0.0,0.4572566454304149,0.45856550225733256,
improve my resume for a software engineering job,bge_small_hybrid_reranker_tinybert,pk_19113,10,0.4421887155896678,0.6900317736997715,0.8306741971365224,0.7322245007307967,0.4421887155896678,
improve my resume for a software engineering job,bge_small_hybrid_reranker_metadata_minilm,pk_17573,1,0.9568128797427391,1.0,0.5355614322529559,0.8606684296758867,1.0,0.7120858649515945
improve my resume for a software engineering job,bge_small_hybrid_reranker_metadata_minilm,pk_15879,2,0.9559352859251131,0.774982715476773,0.4921020889777415,0.6901185275270636,0.9568323289267389,0.9508520422492343
improve my resume for a software engineering job,bge_small_hybrid_reranker_metadata_minilm,pk_01428,3,0.7888055906502047,0.8237704174647741,0.4529575561532934,0.7125265590713299,0.82134376349703,0.6044226111848621
improve my resume for a software engineering job,bge_small_hybrid_reranker_metadata_minilm,pk_05865,4,0.785449490380906,0.6035407205339913,0.4360918740698368,0.5533060665947449,0.7633868936573078,0.9104708718146286
improve my resume for a software engineering job,bge_small_hybrid_reranker_metadata_minilm,pk_14473,5,0.7572356451646232,0.653223779186307,0.0,0.4572566454304149,0.7894297144125028,0.574802586093306
improve my resume for a software engineering job,bge_small_hybrid_reranker_metadata_minilm,pk_18609,6,0.7439571214415053,0.6308497664739339,0.0,0.4415948365317537,0.7116077921290319,0.927269987545521
improve my resume for a software engineering job,bge_small_hybrid_reranker_metadata_minilm,pk_18479,7,0.7194349675873112,0.6432646889514702,0.0,0.4502852822660291,0.8313338585237886,0.08534125228060555
improve my resume for a software engineering job,bge_small_hybrid_reranker_metadata_minilm,pk_04553,8,0.7053472915353407,0.6184920417748537,0.0,0.43294442924239757,0.7643054584282186,0.37125101247569925
improve my resume for a software engineering job,bge_small_hybrid_reranker_metadata_minilm,pk_18397,9,0.672780546995955,0.660235514634786,0.0,0.46216486024435016,0.6767840474903184,0.6500940441945626
improve my resume for a software engineering job,bge_small_hybrid_reranker_metadata_minilm,pk_16890,10,0.6589941135084628,0.544573371896951,0.0,0.38120136032786567,0.6774088551074162,0.5546439111143934
improve my resume for a software engineering job,bge_small_hybrid_reranker_metadata_tinybert,pk_17573,1,0.9568128797427391,1.0,0.5355614322529559,0.8606684296758867,1.0,0.7120858649515945
improve my resume for a software engineering job,bge_small_hybrid_reranker_metadata_tinybert,pk_15879,2,0.8934217115145893,0.774982715476773,0.4921020889777415,0.6901185275270636,0.883286947267299,0.9508520422492343
improve my resume for a software engineering job,bge_small_hybrid_reranker_metadata_tinybert,pk_18479,3,0.6285431145097127,0.6432646889514702,0.0,0.4502852822660291,0.7244022666677904,0.08534125228060555
improve my resume for a software engineering job,bge_small_hybrid_reranker_metadata_tinybert,pk_16890,4,0.6075427228522872,0.544573371896951,0.0,0.38120136032786567,0.6168778072766213,0.5546439111143934
improve my resume for a software engineering job,bge_small_hybrid_reranker_metadata_tinybert,pk_01428,5,0.5816833278731881,0.8237704174647741,0.4529575561532934,0.7125265590713299,0.577670513171128,0.6044226111848621
improve my resume for a software engineering job,bge_small_hybrid_reranker_metadata_tinybert,pk_12832,6,0.5031722479716348,0.6221913136604875,0.0,0.4355339195623412,0.4824752172958413,0.6204554218011314
improve my resume for a software engineering job,bge_small_hybrid_reranker_metadata_tinybert,pk_17921,7,0.5012833550443205,0.0,0.5670172974801062,0.17010518924403187,0.4798024965812074,0.6230082196686284
improve my resume for a software engineering job,bge_small_hybrid_reranker_metadata_tinybert,pk_18609,8,0.48333874976764946,0.6308497664739339,0.0,0.4415948365317537,0.40499794310096626,0.927269987545521
improve my resume for a software engineering job,bge_small_hybrid_reranker_metadata_tinybert,pk_14473,9,0.4760010648327285,0.653223779186307,0.0,0.4572566454304149,0.45856550225733256,0.574802586093306
improve my resume for a software engineering job,bge_small_hybrid_reranker_metadata_tinybert,pk_03023,10,0.4739310404020044,0.590375438873324,0.0,0.4132628072113268,0.5427273385858431,0.08408535069358526
improve my resume for a software engineering job,bge_small_keyword,pk_13860,1,0.39964186253809164,0.0,0.39964186253809164,0.39964186253809164,,
improve my resume for a software engineering job,bge_small_keyword,pk_00120,2,0.3927584424311117,0.0,0.3927584424311117,0.3927584424311117,,
improve my resume for a software engineering job,bge_small_keyword,pk_19430,3,0.3876728276814585,0.0,0.3876728276814585,0.3876728276814585,,
improve my resume for a software engineering job,bge_small_keyword,pk_01649,4,0.37117009088832664,0.0,0.37117009088832664,0.37117009088832664,,
improve my resume for a software engineering job,bge_small_keyword,pk_19113,5,0.3319721833059737,0.0,0.3319721833059737,0.3319721833059737,,
improve my resume for a software engineering job,bge_small_keyword,pk_12522,6,0.3192327563219794,0.0,0.3192327563219794,0.3192327563219794,,
improve my resume for a software engineering job,bge_small_keyword,pk_10093,7,0.29318534660236323,0.0,0.29318534660236323,0.29318534660236323,,
improve my resume for a software engineering job,bge_small_keyword,pk_08493,8,0.27754268174401386,0.0,0.27754268174401386,0.27754268174401386,,
improve my resume for a software engineering job,bge_small_keyword,pk_18144,9,0.2422416508043687,0.0,0.2422416508043687,0.2422416508043687,,
improve my resume for a software engineering job,bge_small_keyword,pk_03303,10,0.23968037132720868,0.0,0.23968037132720868,0.23968037132720868,,
translate text from English to Italian,minilm_semantic,pk_01357,1,0.34327471256256104,0.34327471256256104,0.0,0.34327471256256104,,
translate text from English to Italian,minilm_semantic,pk_02256,2,0.33572107553482056,0.33572107553482056,0.0,0.33572107553482056,,
translate text from English to Italian,minilm_semantic,pk_13283,3,0.27775394916534424,0.27775394916534424,0.0,0.27775394916534424,,
translate text from English to Italian,minilm_semantic,pk_11056,4,0.206024169921875,0.206024169921875,0.0,0.206024169921875,,
translate text from English to Italian,minilm_semantic,pk_02573,5,0.19287055730819702,0.19287055730819702,0.0,0.19287055730819702,,
translate text from English to Italian,minilm_semantic,pk_07019,6,0.190038800239563,0.190038800239563,0.0,0.190038800239563,,
translate text from English to Italian,minilm_semantic,pk_08307,7,0.17796647548675537,0.17796647548675537,0.0,0.17796647548675537,,
translate text from English to Italian,minilm_semantic,pk_06564,8,0.16578739881515503,0.16578739881515503,0.0,0.16578739881515503,,
translate text from English to Italian,minilm_semantic,pk_13060,9,0.16254258155822754,0.16254258155822754,0.0,0.16254258155822754,,
translate text from English to Italian,minilm_semantic,pk_17596,10,0.1591418981552124,0.1591418981552124,0.0,0.1591418981552124,,
translate text from English to Italian,minilm_semantic_reranker_minilm,pk_02256,1,1.0,0.33572107553482056,0.0,0.33572107553482056,1.0,
translate text from English to Italian,minilm_semantic_reranker_minilm,pk_04194,2,0.9390892917223947,0.10704827308654785,0.0,0.10704827308654785,0.9390892917223947,
translate text from English to Italian,minilm_semantic_reranker_minilm,pk_01357,3,0.8695910419770856,0.34327471256256104,0.0,0.34327471256256104,0.8695910419770856,
translate text from English to Italian,minilm_semantic_reranker_minilm,pk_06564,4,0.8324396136571456,0.16578739881515503,0.0,0.16578739881515503,0.8324396136571456,
translate text from English to Italian,minilm_semantic_reranker_minilm,pk_18476,5,0.8304042161706446,-0.11696267127990723,0.0,-0.11696267127990723,0.8304042161706446,
translate text from English to Italian,minilm_semantic_reranker_minilm,pk_07019,6,0.8083309966832888,0.190038800239563,0.0,0.190038800239563,0.8083309966832888,
translate text from English to Italian,minilm_semantic_reranker_minilm,pk_05669,7,0.680102288128811,-0.01142418384552002,0.0,-0.01142418384552002,0.680102288128811,
translate text from English to Italian,minilm_semantic_reranker_minilm,pk_11056,8,0.6277807215838773,0.206024169921875,0.0,0.206024169921875,0.6277807215838773,
translate text from English to Italian,minilm_semantic_reranker_minilm,pk_02573,9,0.6274169950365087,0.19287055730819702,0.0,0.19287055730819702,0.6274169950365087,
translate text from English to Italian,minilm_semantic_reranker_minilm,pk_13380,10,0.6147303193079293,-0.05301403999328613,0.0,-0.05301403999328613,0.6147303193079293,
translate text from English to Italian,minilm_semantic_reranker_tinybert,pk_04194,1,1.0,0.10704827308654785,0.0,0.10704827308654785,1.0,
translate text from English to Italian,minilm_semantic_reranker_tinybert,pk_02256,2,0.9084861412476626,0.33572107553482056,0.0,0.33572107553482056,0.9084861412476626,
translate text from English to Italian,minilm_semantic_reranker_tinybert,pk_06564,3,0.9066196873273502,0.16578739881515503,0.0,0.16578739881515503,0.9066196873273502,
translate text from English to Italian,minilm_semantic_reranker_tinybert,pk_01357,4,0.8921922224194004,0.34327471256256104,0.0,0.34327471256256104,0.8921922224194004,
translate text from English to Italian,minilm_semantic_reranker_tinybert,pk_07019,5,0.7791117339096582,0.190038800239563,0.0,0.190038800239563,0.7791117339096582,
translate text from English to Italian,minilm_semantic_reranker_tinybert,pk_18476,6,0.7773284334972367,-0.11696267127990723,0.0,-0.11696267127990723,0.7773284334972367,
translate text from English to Italian,minilm_semantic_reranker_tinybert,pk_05669,7,0.7432140719146432,-0.01142418384552002,0.0,-0.01142418384552002,0.7432140719146432,
translate text from English to Italian,minilm_semantic_reranker_tinybert,pk_13380,8,0.5998907568029342,-0.05301403999328613,0.0,-0.05301403999328613,0.5998907568029342,
translate text from English to Italian,minilm_semantic_reranker_tinybert,pk_02775,9,0.5751027326804661,-0.045685768127441406,0.0,-0.045685768127441406,0.5751027326804661,
translate text from English to Italian,minilm_semantic_reranker_tinybert,pk_11467,10,0.5562409799701641,0.02393054962158203,0.0,0.02393054962158203,0.5562409799701641,
translate text from English to Italian,minilm_semantic_reranker_metadata_minilm,pk_02256,1,0.8932673711240781,0.33572107553482056,0.0,0.33572107553482056,1.0,0.2884491408271872
translate text from English to Italian,minilm_semantic_reranker_metadata_minilm,pk_04194,2,0.8015920350352229,0.10704827308654785,0.0,0.10704827308654785,0.9390892917223947,0.02244091380791557
translate text from English to Italian,minilm_semantic_reranker_metadata_minilm,pk_01357,3,0.7836149576049141,0.34327471256256104,0.0,0.34327471256256104,0.8695910419770856,0.296417146162609
translate text from English to Italian,minilm_semantic_reranker_metadata_minilm,pk_18476,4,0.7788719458176278,-0.11696267127990723,0.0,-0.11696267127990723,0.8304042161706446,0.4868557471505319
translate text from English to Italian,minilm_semantic_reranker_metadata_minilm,pk_07019,5,0.7513096413510172,0.190038800239563,0.0,0.190038800239563,0.8083309966832888,0.42818862780147765
translate text from English to Italian,minilm_semantic_reranker_metadata_minilm,pk_06564,6,0.7380529913956329,0.16578739881515503,0.0,0.16578739881515503,0.8324396136571456,0.20319546524706078
translate text from English to Italian,minilm_semantic_reranker_metadata_minilm,pk_05669,7,0.6798567036851824,-0.01142418384552002,0.0,-0.01142418384552002,0.680102288128811,0.6784650585046205
translate text from English to Italian,minilm_semantic_reranker_metadata_minilm,pk_11467,8,0.634900154630216,0.02393054962158203,0.0,0.02393054962158203,0.5704707701531954,1.0
translate text from English to Italian,minilm_semantic_reranker_metadata_minilm,pk_02573,9,0.5992573106347066,0.19287055730819702,0.0,0.19287055730819702,0.6274169950365087,0.43968576569116075
translate text from English to Italian,minilm_semantic_reranker_metadata_minilm,pk_13380,10,0.55820522112544,-0.05301403999328613,0.0,-0.05301403999328613,0.6147303193079293,0.23789633142466718
translate text from English to Italian,minilm_semantic_reranker_metadata_tinybert,pk_04194,1,0.8533661370711874,0.10704827308654785,0.0,0.10704827308654785,1.0,0.02244091380791557
translate text from English to Italian,minilm_semantic_reranker_metadata_tinybert,pk_02256,2,0.8154805911845913,0.33572107553482056,0.0,0.33572107553482056,0.9084861412476626,0.2884491408271872
translate text from English to Italian,minilm_semantic_reranker_metadata_tinybert,pk_01357,3,0.8028259609808817,0.34327471256256104,0.0,0.34327471256256104,0.8921922224194004,0.296417146162609
translate text from English to Italian,minilm_semantic_reranker_metadata_tinybert,pk_06564,4,0.8011060540153068,0.16578739881515503,0.0,0.16578739881515503,0.9066196873273502,0.20319546524706078
translate text from English to Italian,minilm_semantic_reranker_metadata_tinybert,pk_18476,5,0.733757530545231,-0.11696267127990723,0.0,-0.11696267127990723,0.7773284334972367,0.4868557471505319
translate text from English to Italian,minilm_semantic_reranker_metadata_tinybert,pk_05669,6,0.7335017199031397,-0.01142418384552002,0.0,-0.01142418384552002,0.7432140719146432,0.6784650585046205
translate text from English to Italian,minilm_semantic_reranker_metadata_tinybert,pk_07019,7,0.7264732679934311,0.190038800239563,0.0,0.190038800239563,0.7791117339096582,0.42818862780147765
translate text from English to Italian,minilm_semantic_reranker_metadata_tinybert,pk_11467,8,0.6228048329746394,0.02393054962158203,0.0,0.02393054962158203,0.5562409799701641,1.0
translate text from English to Italian,minilm_semantic_reranker_metadata_tinybert,pk_13380,9,0.5455915929961942,-0.05301403999328613,0.0,-0.05301403999328613,0.5998907568029342,0.23789633142466718
translate text from English to Italian,minilm_semantic_reranker_metadata_tinybert,pk_02775,10,0.5276655254672196,-0.045685768127441406,0.0,-0.045685768127441406,0.5751027326804661,0.25885468459215627
translate text from English to Italian,minilm_hybrid,pk_02256,1,0.8954801101731524,0.9779953583782731,0.7029445310278712,0.8954801101731524,,
translate text from English to Italian,minilm_hybrid,pk_01357,2,0.8569554463880041,1.0,0.5231848212933473,0.8569554463880041,,
translate text from English to Italian,minilm_hybrid,pk_11056,3,0.7165273073889666,0.600172871412215,0.9880209913347207,0.7165273073889666,,
translate text from English to Italian,minilm_hybrid,pk_13283,4,0.7026179648876044,0.8091302359323197,0.45408933244993555,0.7026179648876044,,
translate text from English to Italian,minilm_hybrid,pk_07019,5,0.6304607344851902,0.5536055913379546,0.8097894018287399,0.6304607344851902,,
translate text from English to Italian,minilm_hybrid,pk_02573,6,0.619039207350464,0.561854835937112,0.7524694073149523,0.619039207350464,,
translate text from English to Italian,minilm_hybrid,pk_06564,7,0.5711881170594191,0.4829583792454291,0.7770575052920622,0.5711881170594191,,
translate text from English to Italian,minilm_hybrid,pk_17596,8,0.564240934233962,0.4635992467001459,0.7990715384795333,0.564240934233962,,
translate text from English to Italian,minilm_hybrid,pk_08307,9,0.5605986387376165,0.518437475799565,0.65897468559307,0.5605986387376165,,
translate text from English to Italian,minilm_hybrid,pk_13060,10,0.5538569473427989,0.4735058412687609,0.7413428615155543,0.5538569473427989,,
translate text from English to Italian,minilm_hybrid_reranker_minilm,pk_02256,1,1.0,0.9779953583782731,0.7029445310278712,0.8954801101731524,1.0,
translate text from English to Italian,minilm_hybrid_reranker_minilm,pk_04194,2,0.9431262914445976,0.3118443309949274,0.580867012534922,0.39255113545692577,0.9431262914445976,
translate text from English to Italian,minilm_hybrid_reranker_minilm,pk_01357,3,0.8782342008271171,1.0,0.5231848212933473,0.8569554463880041,0.8782342008271171,
translate text from English to Italian,minilm_hybrid_reranker_minilm,pk_06564,4,0.8435450703534522,0.4829583792454291,0.7770575052920622,0.5711881170594191,0.8435450703534522,
translate text from English to Italian,minilm_hybrid_reranker_minilm,pk_18476,5,0.8416445735982007,-0.34072615022171504,0.588564397550822,-0.06193898588995392,0.8416445735982007,
translate text from English to Italian,minilm_hybrid_reranker_minilm,pk_07019,6,0.8210343220998754,0.5536055913379546,0.8097894018287399,0.6304607344851902,0.8210343220998754,
translate text from English to Italian,minilm_hybrid_reranker_minilm,pk_05669,7,0.7013042575439676,-0.03328000411168646,0.3964503078076777,0.09563908946412278,0.7013042575439676,
translate text from English to Italian,minilm_hybrid_reranker_minilm,pk_11056,8,0.6524503943929565,0.600172871412215,0.9880209913347207,0.7165273073889666,0.6524503943929565,
translate text from English to Italian,minilm_hybrid_reranker_minilm,pk_02573,9,0.6521107793885634,0.561854835937112,0.7524694073149523,0.619039207350464,0.6521107793885634,
translate text from English to Italian,minilm_hybrid_reranker_minilm,pk_13380,10,0.6402649689271476,-0.15443619367571226,0.5372931837332839,0.053082619546986606,0.6402649689271476,
translate text from English to Italian,minilm_hybrid_reranker_tinybert,pk_04194,1,1.0,0.3118443309949274,0.580867012534922,0.39255113545692577,1.0,
translate text from English to Italian,minilm_hybrid_reranker_tinybert,pk_02256,2,0.9097954682184565,0.9779953583782731,0.7029445310278712,0.8954801101731524,0.9097954682184565,
translate text from English to Italian,minilm_hybrid_reranker_tinybert,pk_06564,3,0.9079557184333529,0.4829583792454291,0.7770575052920622,0.5711881170594191,0.9079557184333529,
translate text from English to Italian,minilm_hybrid_reranker_tinybert,pk_01357,4,0.8937346732871934,1.0,0.5231848212933473,0.8569554463880041,0.8937346732871934,
translate text from English to Italian,minilm_hybrid_reranker_tinybert,pk_07019,5,0.7822716119100253,0.5536055913379546,0.8097894018287399,0.6304607344851902,0.7822716119100253,
translate text from English to Italian,minilm_hybrid_reranker_tinybert,pk_18476,6,0.7805142885319369,-0.34072615022171504,0.588564397550822,-0.06193898588995392,0.7805142885319369,
translate text from English to Italian,minilm_hybrid_reranker_tinybert,pk_05669,7,0.746888015358252,-0.03328000411168646,0.3964503078076777,0.09563908946412278,0.746888015358252,
translate text from English to Italian,minilm_hybrid_reranker_tinybert,pk_13380,8,0.6056152867323256,-0.15443619367571226,0.5372931837332839,0.053082619546986606,0.6056152867323256,
translate text from English to Italian,minilm_hybrid_reranker_tinybert,pk_02775,9,0.5811819152163447,-0.13308806753167196,0.0,-0.09316164727217037,0.5811819152163447,
translate text from English to Italian,minilm_hybrid_reranker_tinybert,pk_11467,10,0.5625900254740865,0.06971253269120645,0.5615170022242794,0.21725387355112832,0.5625900254740865,
translate text from English to Italian,minilm_hybrid_reranker_metadata_minilm,pk_02256,1,0.8942212528097223,0.9779953583782731,0.7029445310278712,0.8954801101731524,1.0,0.29480835206481554
translate text from English to Italian,minilm_hybrid_reranker_metadata_minilm,pk_04194,2,0.8063339683673926,0.3118443309949274,0.580867012534922,0.39255113545692577,0.9431262914445976,0.031177470929897186
translate text from English to Italian,minilm_hybrid_reranker_metadata_minilm,pk_01357,3,0.7919048426671247,1.0,0.5231848212933473,0.8569554463880041,0.8782342008271171,0.30270514642716734
translate text from English to Italian,minilm_hybrid_reranker_metadata_minilm,pk_18476,4,0.7891141539439701,-0.34072615022171504,0.588564397550822,-0.06193898588995392,0.8416445735982007,0.49144177590333
translate text from English to Italian,minilm_hybrid_reranker_metadata_minilm,pk_07019,5,0.7628740194792293,0.5536055913379546,0.8097894018287399,0.6304607344851902,0.8210343220998754,0.4332989712955685
translate text from English to Italian,minilm_hybrid_reranker_metadata_minilm,pk_06564,6,0.7485607995474352,0.4829583792454291,0.7770575052920622,0.5711881170594191,0.8435450703534522,0.21031659831333885
translate text from English to Italian,minilm_hybrid_reranker_metadata_minilm,pk_05669,7,0.6983094168583979,-0.03328000411168646,0.3964503078076777,0.09563908946412278,0.7013042575439676,0.681338652973503
translate text from English to Italian,minilm_hybrid_reranker_metadata_minilm,pk_11467,8,0.6590980012160195,0.06971253269120645,0.5615170022242794,0.21725387355112832,0.5989388249600229,1.0
translate text from English to Italian,minilm_hybrid_reranker_metadata_minilm,pk_02573,9,0.6209981661730436,0.561854835937112,0.7524694073149523,0.619039207350464,0.6521107793885634,0.44469335795176473
translate text from English to Italian,minilm_hybrid_reranker_metadata_minilm,pk_13380,10,0.5809313244215021,-0.15443619367571226,0.5372931837332839,0.053082619546986606,0.6402649689271476,0.24470733888951096
translate text from English to Italian,minilm_hybrid_reranker_metadata_tinybert,pk_04194,1,0.8546766206394846,0.3118443309949274,0.580867012534922,0.39255113545692577,1.0,0.031177470929897186
translate text from English to Italian,minilm_hybrid_reranker_metadata_tinybert,pk_02256,2,0.8175474007954103,0.9779953583782731,0.7029445310278712,0.8954801101731524,0.9097954682184565,0.29480835206481554
translate text from English to Italian,minilm_hybrid_reranker_metadata_tinybert,pk_01357,3,0.8050802442581895,1.0,0.5231848212933473,0.8569554463880041,0.8937346732871934,0.30270514642716734
translate text from English to Italian,minilm_hybrid_reranker_metadata_tinybert,pk_06564,4,0.8033098504153507,0.4829583792454291,0.7770575052920622,0.5711881170594191,0.9079557184333529,0.21031659831333885
translate text from English to Italian,minilm_hybrid_reranker_metadata_tinybert,pk_18476,5,0.7371534116376459,-0.34072615022171504,0.588564397550822,-0.06193898588995392,0.7805142885319369,0.49144177590333
translate text from English to Italian,minilm_hybrid_reranker_metadata_tinybert,pk_05669,6,0.7370556110005396,-0.03328000411168646,0.3964503078076777,0.09563908946412278,0.746888015358252,0.681338652973503
translate text from English to Italian,minilm_hybrid_reranker_metadata_tinybert,pk_07019,7,0.7299257158178567,0.5536055913379546,0.8097894018287399,0.6304607344851902,0.7822716119100253,0.4332989712955685
translate text from English to Italian,minilm_hybrid_reranker_metadata_tinybert,pk_11467,8,0.6282015216529735,0.06971253269120645,0.5615170022242794,0.21725387355112832,0.5625900254740865,1.0
translate text from English to Italian,minilm_hybrid_reranker_metadata_tinybert,pk_13380,9,0.5514790945559034,-0.15443619367571226,0.5372931837332839,0.053082619546986606,0.6056152867323256,0.24470733888951096
translate text from English to Italian,minilm_hybrid_reranker_metadata_tinybert,pk_02775,10,0.5338263856633082,-0.13308806753167196,0.0,-0.09316164727217037,0.5811819152163447,0.26547838486276826
translate text from English to Italian,bge_small_semantic,pk_11056,1,0.5592551231384277,0.5592551231384277,0.0,0.5592551231384277,,
translate text from English to Italian,bge_small_semantic,pk_02573,2,0.5448479652404785,0.5448479652404785,0.0,0.5448479652404785,,
translate text from English to Italian,bge_small_semantic,pk_13060,3,0.5170820951461792,0.5170820951461792,0.0,0.5170820951461792,,
translate text from English to Italian,bge_small_semantic,pk_02403,4,0.5148885250091553,0.5148885250091553,0.0,0.5148885250091553,,
translate text from English to Italian,bge_small_semantic,pk_02256,5,0.5098196864128113,0.5098196864128113,0.0,0.5098196864128113,,
translate text from English to Italian,bge_small_semantic,pk_08307,6,0.4903918504714966,0.4903918504714966,0.0,0.4903918504714966,,
translate text from English to Italian,bge_small_semantic,pk_08598,7,0.4759525656700134,0.4759525656700134,0.0,0.4759525656700134,,
translate text from English to Italian,bge_small_semantic,pk_14018,8,0.4702816605567932,0.4702816605567932,0.0,0.4702816605567932,,
translate text from English to Italian,bge_small_semantic,pk_03188,9,0.4700498580932617,0.4700498580932617,0.0,0.4700498580932617,,
translate text from English to Italian,bge_small_semantic,pk_09538,10,0.4679405093193054,0.4679405093193054,0.0,0.4679405093193054,,
translate text from English to Italian,bge_small_semantic_reranker_minilm,pk_02256,1,1.0,0.5098196864128113,0.0,0.5098196864128113,1.0,
translate text from English to Italian,bge_small_semantic_reranker_minilm,pk_01357,2,0.8736027102969482,0.4470865726470947,0.0,0.4470865726470947,0.8736027102969482,
translate text from English to Italian,bge_small_semantic_reranker_minilm,pk_06564,3,0.8375941421783955,0.4310832619667053,0.0,0.4310832619667053,0.8375941421783955,
translate text from English to Italian,bge_small_semantic_reranker_minilm,pk_07019,4,0.8142271738854344,0.4198140501976013,0.0,0.4198140501976013,0.8142271738854344,
translate text from English to Italian,bge_small_semantic_reranker_minilm,pk_11056,5,0.6392309796663943,0.5592551231384277,0.0,0.5592551231384277,0.6392309796663943,
translate text from English to Italian,bge_small_semantic_reranker_minilm,pk_02573,6,0.6388784457125065,0.5448479652404785,0.0,0.5448479652404785,0.6388784457125065,
translate text from English to Italian,bge_small_semantic_reranker_minilm,pk_08307,7,0.5975652918528552,0.4903918504714966,0.0,0.4903918504714966,0.5975652918528552,
translate text from English to Italian,bge_small_semantic_reranker_minilm,pk_14018,8,0.5734710570429187,0.4702816605567932,0.0,0.4702816605567932,0.5734710570429187,
translate text from English to Italian,bge_small_semantic_reranker_minilm,pk_13060,9,0.572763769808143,0.5170820951461792,0.0,0.5170820951461792,0.572763769808143,
translate text from English to Italian,bge_small_semantic_reranker_minilm,pk_02403,10,0.5676487603319905,0.5148885250091553,0.0,0.5148885250091553,0.5676487603319905,
translate text from English to Italian,bge_small_semantic_reranker_tinybert,pk_02256,1,1.0,0.5098196864128113,0.0,0.5098196864128113,1.0,
translate text from English to Italian,bge_small_semantic_reranker_tinybert,pk_06564,2,0.9979557787597894,0.4310832619667053,0.0,0.4310832619667053,0.9979557787597894,
translate text from English to Italian,bge_small_semantic_reranker_tinybert,pk_01357,3,0.982154193793637,0.4470865726470947,0.0,0.4470865726470947,0.982154193793637,
translate text from English to Italian,bge_small_semantic_reranker_tinybert,pk_07019,4,0.8583030269604864,0.4198140501976013,0.0,0.4198140501976013,0.8583030269604864,
translate text from English to Italian,bge_small_semantic_reranker_tinybert,pk_13283,5,0.598997023244743,0.4319669008255005,0.0,0.4319669008255005,0.598997023244743,
translate text from English to Italian,bge_small_semantic_reranker_tinybert,pk_08307,6,0.38725847879968983,0.4903918504714966,0.0,0.4903918504714966,0.38725847879968983,
translate text from English to Italian,bge_small_semantic_reranker_tinybert,pk_14018,7,0.3809246494614277,0.4702816605567932,0.0,0.4702816605567932,0.3809246494614277,
translate text from English to Italian,bge_small_semantic_reranker_tinybert,pk_18290,8,0.3279681710214351,0.41538262367248535,0.0,0.41538262367248535,0.3279681710214351,
translate text from English to Italian,bge_small_semantic_reranker_tinybert,pk_02403,9,0.32309375243028504,0.5148885250091553,0.0,0.5148885250091553,0.32309375243028504,
translate text from English to Italian,bge_small_semantic_reranker_tinybert,pk_16635,10,0.31467424716042924,0.42859435081481934,0.0,0.42859435081481934,0.31467424716042924,
translate text from English to Italian,bge_small_semantic_reranker_metadata_minilm,pk_02256,1,0.911198950229521,0.5098196864128113,0.0,0.5098196864128113,1.0,0.4079930015301405
translate text from English to Italian,bge_small_semantic_reranker_metadata_minilm,pk_01357,2,0.8054824785326039,0.4470865726470947,0.0,0.4470865726470947,0.8736027102969482,0.41946783186798636
translate text from English to Italian,bge_small_semantic_reranker_metadata_minilm,pk_07019,3,0.783478151775055,0.4198140501976013,0.0,0.4198140501976013,0.8142271738854344,0.6092336931495721
translate text from English to Italian,bge_small_semantic_reranker_metadata_minilm,pk_06564,4,0.7547377284624909,0.4310832619667053,0.0,0.4310832619667053,0.8375941421783955,0.2852180507390318
translate text from English to Italian,bge_small_semantic_reranker_metadata_minilm,pk_02573,5,0.6369153099800879,0.5448479652404785,0.0,0.5448479652404785,0.6388784457125065,0.6257908741630496
translate text from English to Italian,bge_small_semantic_reranker_metadata_minilm,pk_11056,6,0.5552615610466207,0.5592551231384277,0.0,0.5592551231384277,0.6392309796663943,0.07943485553457022
translate text from English to Italian,bge_small_semantic_reranker_metadata_minilm,pk_16635,7,0.553186940606203,0.42859435081481934,0.0,0.42859435081481934,0.4755253971025606,0.9932690204601768
translate text from English to Italian,bge_small_semantic_reranker_metadata_minilm,pk_14018,8,0.5509492704107035,0.4702816605567932,0.0,0.4702816605567932,0.5734710570429187,0.4233258128281509
translate text from English to Italian,bge_small_semantic_reranker_metadata_minilm,pk_08307,9,0.5139231107765891,0.4903918504714966,0.0,0.4903918504714966,0.5975652918528552,0.03995075134441488
translate text from English to Italian,bge_small_semantic_reranker_metadata_minilm,pk_13060,10,0.5095722441749605,0.5170820951461792,0.0,0.5170820951461792,0.572763769808143,0.15148693225359308
translate text from English to Italian,bge_small_semantic_reranker_metadata_tinybert,pk_02256,1,0.911198950229521,0.5098196864128113,0.0,0.5098196864128113,1.0,0.4079930015301405
translate text from English to Italian,bge_small_semantic_reranker_metadata_tinybert,pk_01357,2,0.8977512395047894,0.4470865726470947,0.0,0.4470865726470947,0.982154193793637,0.41946783186798636
translate text from English to Italian,bge_small_semantic_reranker_metadata_tinybert,pk_06564,3,0.8910451195566758,0.4310832619667053,0.0,0.4310832619667053,0.9979557787597894,0.2852180507390318
translate text from English to Italian,bge_small_semantic_reranker_metadata_tinybert,pk_07019,4,0.8209426268888492,0.4198140501976013,0.0,0.4198140501976013,0.8583030269604864,0.6092336931495721
translate text from English to Italian,bge_small_semantic_reranker_metadata_tinybert,pk_13283,5,0.5446467413581563,0.4319669008255005,0.0,0.4319669008255005,0.598997023244743,0.23666181066749784
translate text from English to Italian,bge_small_semantic_reranker_metadata_tinybert,pk_18290,6,0.42534460551518394,0.41538262367248535,0.0,0.41538262367248535,0.3279681710214351,0.9771444009797606
translate text from English to Italian,bge_small_semantic_reranker_metadata_tinybert,pk_16635,7,0.4164634631553914,0.42859435081481934,0.0,0.42859435081481934,0.31467424716042924,0.9932690204601768
translate text from English to Italian,bge_small_semantic_reranker_metadata_tinybert,pk_11822,8,0.396153148150192,0.41353458166122437,0.0,0.41353458166122437,0.30371315506425145,0.919979775637188
translate text from English to Italian,bge_small_semantic_reranker_metadata_tinybert,pk_14018,9,0.38728482396643615,0.4702816605567932,0.0,0.4702816605567932,0.3809246494614277,0.4233258128281509
translate text from English to Italian,bge_small_semantic_reranker_metadata_tinybert,pk_02573,10,0.3515443013509663,0.5448479652404785,0.0,0.5448479652404785,0.3031478473253046,0.6257908741630496
translate text from English to Italian,bge_small_hybrid,pk_11056,1,0.9964062974004162,1.0,0.9880209913347207,0.9964062974004162,,
translate text from English to Italian,bge_small_hybrid,pk_02403,2,0.9100014128972835,0.9206684100088418,0.8851117529703145,0.9100014128972835,,
translate text from English to Italian,bge_small_hybrid,pk_02573,3,0.9077078885452248,0.9742386662153417,0.7524694073149523,0.9077078885452248,,
translate text from English to Italian,bge_small_hybrid,pk_13060,4,0.8696163601765505,0.924590716745549,0.7413428615155543,0.8696163601765505,,
translate text from English to Italian,bge_small_hybrid,pk_02256,5,0.8490067590302337,0.911604856745532,0.7029445310278712,0.8490067590302337,,
translate text from English to Italian,bge_small_hybrid,pk_03571,6,0.837178526878704,0.7673978955410059,1.0,0.837178526878704,,
translate text from English to Italian,bge_small_hybrid,pk_08307,7,0.8114986653392738,0.876866085230504,0.65897468559307,0.8114986653392738,,
translate text from English to Italian,bge_small_hybrid,pk_14018,8,0.8040564472175962,0.8409072015606522,0.7180713537504653,0.8040564472175962,,
translate text from English to Italian,bge_small_hybrid,pk_06564,9,0.7726890335737838,0.7708168314088075,0.7770575052920622,0.7726890335737838,,
translate text from English to Italian,bge_small_hybrid,pk_07019,10,0.7684033258694535,0.7506664361726164,0.8097894018287399,0.7684033258694535,,
translate text from English to Italian,bge_small_hybrid_reranker_minilm,pk_02256,1,1.0,0.911604856745532,0.7029445310278712,0.8490067590302337,1.0,
translate text from English to Italian,bge_small_hybrid_reranker_minilm,pk_04194,2,0.9409630399866414,0.0,0.580867012534922,0.1742601037604766,0.9409630399866414,
translate text from English to Italian,bge_small_hybrid_reranker_minilm,pk_01357,3,0.8736027102969482,0.799432234322923,0.5231848212933473,0.7165580104140502,0.8736027102969482,
translate text from English to Italian,bge_small_hybrid_reranker_minilm,pk_06564,4,0.8375941421783955,0.7708168314088075,0.7770575052920622,0.7726890335737838,0.8375941421783955,
translate text from English to Italian,bge_small_hybrid_reranker_minilm,pk_18476,5,0.8356213580256616,0.0,0.588564397550822,0.1765693192652466,0.8356213580256616,
translate text from English to Italian,bge_small_hybrid_reranker_minilm,pk_07019,6,0.8142271738854344,0.7506664361726164,0.8097894018287399,0.7684033258694535,0.8142271738854344,
translate text from English to Italian,bge_small_hybrid_reranker_minilm,pk_05669,7,0.6899430501114711,0.0,0.3964503078076777,0.1189350923423033,0.6899430501114711,
translate text from English to Italian,bge_small_hybrid_reranker_minilm,pk_11056,8,0.6392309787765278,1.0,0.9880209913347207,0.9964062974004162,0.6392309787765278,
translate text from English to Italian,bge_small_hybrid_reranker_minilm,pk_02573,9,0.6388784461574398,0.9742386662153417,0.7524694073149523,0.9077078885452248,0.6388784461574398,
translate text from English to Italian,bge_small_hybrid_reranker_minilm,pk_13380,10,0.6265820678079397,0.0,0.5372931837332839,0.16118795511998518,0.6265820678079397,
translate text from English to Italian,bge_small_hybrid_reranker_tinybert,pk_04194,1,1.0,0.0,0.580867012534922,0.1742601037604766,1.0,
translate text from English to Italian,bge_small_hybrid_reranker_tinybert,pk_02256,2,0.908900911592746,0.911604856745532,0.7029445310278712,0.8490067590302337,0.908900911592746,
translate text from English to Italian,bge_small_hybrid_reranker_tinybert,pk_06564,3,0.9070429170440213,0.7708168314088075,0.7770575052920622,0.7726890335737838,0.9070429170440213,
translate text from English to Italian,bge_small_hybrid_reranker_tinybert,pk_01357,4,0.8926808420636753,0.799432234322923,0.5231848212933473,0.7165580104140502,0.8926808420636753,
translate text from English to Italian,bge_small_hybrid_reranker_tinybert,pk_07019,5,0.7801124036271994,0.7506664361726164,0.8097894018287399,0.7684033258694535,0.7801124036271994,
translate text from English to Italian,bge_small_hybrid_reranker_tinybert,pk_18476,6,0.7783376529066002,0.0,0.588564397550822,0.1765693192652466,0.7783376529066002,
translate text from English to Italian,bge_small_hybrid_reranker_tinybert,pk_05669,7,0.7443779086215268,0.0,0.3964503078076777,0.1189350923423033,0.7443779086215268,
translate text from English to Italian,bge_small_hybrid_reranker_tinybert,pk_13380,8,0.601704181033258,0.0,0.5372931837332839,0.16118795511998518,0.601704181033258,
translate text from English to Italian,bge_small_hybrid_reranker_tinybert,pk_11467,9,0.5582522390775936,0.0,0.5615170022242794,0.1684551006672838,0.5582522390775936,
translate text from English to Italian,bge_small_hybrid_reranker_tinybert,pk_13283,10,0.5444289404684882,0.7723968595967236,0.45408933244993555,0.676904601452687,0.5444289404684882,
translate text from English to Italian,bge_small_hybrid_reranker_metadata_minilm,pk_02256,1,0.8927156123177687,0.911604856745532,0.7029445310278712,0.8490067590302337,1.0,0.2847707487851253
translate text from English to Italian,bge_small_hybrid_reranker_metadata_minilm,pk_04194,2,0.8024266911487716,0.0,0.580867012534922,0.1742601037604766,0.9409630399866414,0.017387381067508974
translate text from English to Italian,bge_small_hybrid_reranker_metadata_minilm,pk_01357,3,0.7864792955112075,0.799432234322923,0.5231848212933473,0.7165580104140502,0.8736027102969482,0.2927799450586776
translate text from English to Italian,bge_small_hybrid_reranker_metadata_minilm,pk_18476,4,0.7829086082803526,0.0,0.588564397550822,0.1765693192652466,0.8356213580256616,0.484203026390268
translate text from English to Italian,bge_small_hybrid_reranker_metadata_minilm,pk_07019,5,0.7558779915382955,0.7506664361726164,0.8097894018287399,0.7684033258694535,0.8142271738854344,0.42523262490450875
translate text from English to Italian,bge_small_hybrid_reranker_metadata_minilm,pk_06564,6,0.741816473464073,0.7708168314088075,0.7770575052920622,0.7726890335737838,0.8375941421783955,0.19907635074957938
translate text from English to Italian,bge_small_hybrid_reranker_metadata_minilm,pk_05669,7,0.6879720231134129,0.0,0.3964503078076777,0.1189350923423033,0.6899430501114711,0.6768028701244162
translate text from English to Italian,bge_small_hybrid_reranker_metadata_minilm,pk_11467,8,0.6461314343326376,0.0,0.5615170022242794,0.1684551006672838,0.5836840403913385,1.0
translate text from English to Italian,bge_small_hybrid_reranker_metadata_minilm,pk_02573,9,0.6085650588935095,0.9742386662153417,0.7524694073149523,0.9077078885452248,0.6388784461574398,0.43678919773123775
translate text from English to Italian,bge_small_hybrid_reranker_metadata_minilm,pk_13380,10,0.5676882483135278,0.0,0.5372931837332839,0.16118795511998518,0.6265820678079397,0.2339566045118607
translate text from English to Italian,bge_small_hybrid_reranker_metadata_tinybert,pk_04194,1,0.8526081071601264,0.0,0.580867012534922,0.1742601037604766,1.0,0.017387381067508974
translate text from English to Italian,bge_small_hybrid_reranker_metadata_tinybert,pk_02256,2,0.8152813871716028,0.911604856745532,0.7029445310278712,0.8490067590302337,0.908900911592746,0.2847707487851253
translate text from English to Italian,bge_small_hybrid_reranker_metadata_tinybert,pk_01357,3,0.8026957075129255,0.799432234322923,0.5231848212933473,0.7165580104140502,0.8926808420636753,0.2927799450586776
translate text from English to Italian,bge_small_hybrid_reranker_metadata_tinybert,pk_06564,4,0.8008479320998549,0.7708168314088075,0.7770575052920622,0.7726890335737838,0.9070429170440213,0.19907635074957938
translate text from English to Italian,bge_small_hybrid_reranker_metadata_tinybert,pk_05669,5,0.7342416528469602,0.0,0.3964503078076777,0.1189350923423033,0.7443779086215268,0.6768028701244162
translate text from English to Italian,bge_small_hybrid_reranker_metadata_tinybert,pk_18476,6,0.7342174589291504,0.0,0.588564397550822,0.1765693192652466,0.7783376529066002,0.484203026390268
translate text from English to Italian,bge_small_hybrid_reranker_metadata_tinybert,pk_07019,7,0.7268804368187958,0.7506664361726164,0.8097894018287399,0.7684033258694535,0.7801124036271994,0.42523262490450875
translate text from English to Italian,bge_small_hybrid_reranker_metadata_tinybert,pk_11467,8,0.6245144032159545,0.0,0.5615170022242794,0.1684551006672838,0.5582522390775936,1.0
translate text from English to Italian,bge_small_hybrid_reranker_metadata_tinybert,pk_13380,9,0.5465420445550484,0.0,0.5372931837332839,0.16118795511998518,0.601704181033258,0.2339566045118607
translate text from English to Italian,bge_small_hybrid_reranker_metadata_tinybert,pk_15032,10,0.49003333694375995,0.0,0.8614938523488702,0.25844815570466106,0.45006843362707677,0.7165011224049648
translate text from English to Italian,bge_small_keyword,pk_03571,1,0.3424212528725307,0.0,0.3424212528725307,0.3424212528725307,,
translate text from English to Italian,bge_small_keyword,pk_11056,2,0.3383193857171949,0.0,0.3383193857171949,0.3383193857171949,,
translate text from English to Italian,bge_small_keyword,pk_04242,3,0.31668690958236456,0.0,0.31668690958236456,0.31668690958236456,,
translate text from English to Italian,bge_small_keyword,pk_02403,4,0.303081075384297,0.0,0.303081075384297,0.303081075384297,,
translate text from English to Italian,bge_small_keyword,pk_15032,5,0.29499380426328314,0.0,0.29499380426328314,0.29499380426328314,,
translate text from English to Italian,bge_small_keyword,pk_04541,6,0.2806716846630209,0.0,0.2806716846630209,0.2806716846630209,,
translate text from English to Italian,bge_small_keyword,pk_07019,7,0.27728910153709435,0.0,0.27728910153709435,0.27728910153709435,,
translate text from English to Italian,bge_small_keyword,pk_17596,8,0.27361907734094243,0.0,0.27361907734094243,0.27361907734094243,,
translate text from English to Italian,bge_small_keyword,pk_06564,9,0.2660810045161111,0.0,0.2660810045161111,0.2660810045161111,,
translate text from English to Italian,bge_small_keyword,pk_02573,10,0.2576615172010366,0.0,0.2576615172010366,0.2576615172010366,,
optimize indexing strategy for a database,minilm_semantic,pk_02421,1,0.2636908292770386,0.2636908292770386,0.0,0.2636908292770386,,
optimize indexing strategy for a database,minilm_semantic,pk_01470,2,0.25585609674453735,0.25585609674453735,0.0,0.25585609674453735,,
optimize indexing strategy for a database,minilm_semantic,pk_17007,3,0.25108885765075684,0.25108885765075684,0.0,0.25108885765075684,,
optimize indexing strategy for a database,minilm_semantic,pk_08627,4,0.21717429161071777,0.21717429161071777,0.0,0.21717429161071777,,
optimize indexing strategy for a database,minilm_semantic,pk_06165,5,0.18269962072372437,0.18269962072372437,0.0,0.18269962072372437,,
optimize indexing strategy for a database,minilm_semantic,pk_04903,6,0.1665782928466797,0.1665782928466797,0.0,0.1665782928466797,,
optimize indexing strategy for a database,minilm_semantic,pk_14283,7,0.15264731645584106,0.15264731645584106,0.0,0.15264731645584106,,
optimize indexing strategy for a database,minilm_semantic,pk_19071,8,0.13767945766448975,0.13767945766448975,0.0,0.13767945766448975,,
optimize indexing strategy for a database,minilm_semantic,pk_12748,9,0.1205335259437561,0.1205335259437561,0.0,0.1205335259437561,,
optimize indexing strategy for a database,minilm_semantic,pk_17577,10,0.11094772815704346,0.11094772815704346,0.0,0.11094772815704346,,
optimize indexing strategy for a database,minilm_semantic_reranker_minilm,pk_01470,1,1.0,0.25585609674453735,0.0,0.25585609674453735,1.0,
optimize indexing strategy for a database,minilm_semantic_reranker_minilm,pk_00948,2,0.9079634122359129,0.07192802429199219,0.0,0.07192802429199219,0.9079634122359129,
optimize indexing strategy for a database,minilm_semantic_reranker_minilm,pk_12929,3,0.8988026852556116,0.05375063419342041,0.0,0.05375063419342041,0.8988026852556116,
optimize indexing strategy for a database,minilm_semantic_reranker_minilm,pk_16356,4,0.8833849731183716,-0.00723719596862793,0.0,-0.00723719596862793,0.8833849731183716,
optimize indexing strategy for a database,minilm_semantic_reranker_minilm,pk_04518,5,0.8831088293289558,-0.06917810440063477,0.0,-0.06917810440063477,0.8831088293289558,
optimize indexing strategy for a database,minilm_semantic_reranker_minilm,pk_08886,6,0.8823873169860929,0.05351877212524414,0.0,0.05351877212524414,0.8823873169860929,
optimize indexing strategy for a database,minilm_semantic_reranker_minilm,pk_04903,7,0.8794436043753745,0.1665782928466797,0.0,0.1665782928466797,0.8794436043753745,
optimize indexing strategy for a database,minilm_semantic_reranker_minilm,pk_12639,8,0.8613528316797591,-0.09074735641479492,0.0,-0.09074735641479492,0.8613528316797591,
optimize indexing strategy for a database,minilm_semantic_reranker_minilm,pk_08761,9,0.8598414999756977,0.0654495358467102,0.0,0.0654495358467102,0.8598414999756977,
optimize indexing strategy for a database,minilm_semantic_reranker_minilm,pk_08627,10,0.8561990062843307,0.21717429161071777,0.0,0.21717429161071777,0.8561990062843307,
optimize indexing strategy for a database,minilm_semantic_reranker_tinybert,pk_01470,1,1.0,0.25585609674453735,0.0,0.25585609674453735,1.0,
optimize indexing strategy for a database,minilm_semantic_reranker_tinybert,pk_00948,2,0.9608528128310803,0.07192802429199219,0.0,0.07192802429199219,0.9608528128310803,
optimize indexing strategy for a database,minilm_semantic_reranker_tinybert,pk_05167,3,0.953445555206181,0.05233889818191528,0.0,0.05233889818191528,0.953445555206181,
optimize indexing strategy for a database,minilm_semantic_reranker_tinybert,pk_08761,4,0.9284450165542608,0.0654495358467102,0.0,0.0654495358467102,0.9284450165542608,
optimize indexing strategy for a database,minilm_semantic_reranker_tinybert,pk_17577,5,0.9150654268661577,0.11094772815704346,0.0,0.11094772815704346,0.9150654268661577,
optimize indexing strategy for a database,minilm_semantic_reranker_tinybert,pk_04518,6,0.9062581982591078,-0.06917810440063477,0.0,-0.06917810440063477,0.9062581982591078,
optimize indexing strategy for a database,minilm_semantic_reranker_tinybert,pk_10546,7,0.8805067834540062,-0.15310728549957275,0.0,-0.15310728549957275,0.8805067834540062,
optimize indexing strategy for a database,minilm_semantic_reranker_tinybert,pk_12929,8,0.8785311407544166,0.05375063419342041,0.0,0.05375063419342041,0.8785311407544166,
optimize indexing strategy for a database,minilm_semantic_reranker_tinybert,pk_09503,9,0.8468722787096927,0.07226181030273438,0.0,0.07226181030273438,0.8468722787096927,
optimize indexing strategy for a database,minilm_semantic_reranker_tinybert,pk_00632,10,0.8387117714725073,0.10150957107543945,0.0,0.10150957107543945,0.8387117714725073,
optimize indexing strategy for a database,minilm_semantic_reranker_metadata_minilm,pk_01470,1,0.9258829027345588,0.25585609674453735,0.0,0.25585609674453735,1.0,0.5058860182303915
optimize indexing strategy for a database,minilm_semantic_reranker_metadata_minilm,pk_04903,2,0.8975228452227775,0.1665782928466797,0.0,0.1665782928466797,0.8794436043753745,0.999971876691395
optimize indexing strategy for a database,minilm_semantic_reranker_metadata_minilm,pk_08761,3,0.8808652749793431,0.0654495358467102,0.0,0.0654495358467102,0.8598414999756977,1.0
optimize indexing strategy for a database,minilm_semantic_reranker_metadata_minilm,pk_04518,4,0.8643690666568538,-0.06917810440063477,0.0,-0.06917810440063477,0.8831088293289558,0.7581770781816086
optimize indexing strategy for a database,minilm_semantic_reranker_metadata_minilm,pk_08627,5,0.841423668954963,0.21717429161071777,0.0,0.21717429161071777,0.8561990062843307,0.7576967574218794
optimize indexing strategy for a database,minilm_semantic_reranker_metadata_minilm,pk_00948,6,0.8412470618463761,0.07192802429199219,0.0,0.07192802429199219,0.9079634122359129,0.4631877429723342
optimize indexing strategy for a database,minilm_semantic_reranker_metadata_minilm,pk_05167,7,0.8386428010524416,0.05233889818191528,0.0,0.05233889818191528,0.8549921262927415,0.7459966246907431
optimize indexing strategy for a database,minilm_semantic_reranker_metadata_minilm,pk_16356,8,0.8313373628947787,-0.00723719596862793,0.0,-0.00723719596862793,0.8833849731183716,0.5364009049610853
optimize indexing strategy for a database,minilm_semantic_reranker_metadata_minilm,pk_10546,9,0.828742881245207,-0.15310728549957275,0.0,-0.15310728549957275,0.8507653570694891,0.703948851574276
optimize indexing strategy for a database,minilm_semantic_reranker_metadata_minilm,pk_08349,10,0.8196491403244367,0.014643669128417969,0.0,0.014643669128417969,0.8410016713280852,0.698651464637095
optimize indexing strategy for a database,minilm_semantic_reranker_metadata_tinybert,pk_08761,1,0.9391782640711217,0.0654495358467102,0.0,0.0654495358467102,0.9284450165542608,1.0
optimize indexing strategy for a database,minilm_semantic_reranker_metadata_tinybert,pk_01470,2,0.9258829027345588,0.25585609674453735,0.0,0.25585609674453735,1.0,0.5058860182303915
optimize indexing strategy for a database,minilm_semantic_reranker_metadata_tinybert,pk_05167,3,0.9223282156288652,0.05233889818191528,0.0,0.05233889818191528,0.953445555206181,0.7459966246907431
optimize indexing strategy for a database,minilm_semantic_reranker_metadata_tinybert,pk_17577,4,0.8890286749989897,0.11094772815704346,0.0,0.11094772815704346,0.9150654268661577,0.7414870810850388
optimize indexing strategy for a database,minilm_semantic_reranker_metadata_tinybert,pk_00948,5,0.8862030523522684,0.07192802429199219,0.0,0.07192802429199219,0.9608528128310803,0.4631877429723342
optimize indexing strategy for a database,minilm_semantic_reranker_metadata_tinybert,pk_04518,6,0.8840460302474829,-0.06917810440063477,0.0,-0.06917810440063477,0.9062581982591078,0.7581770781816086
optimize indexing strategy for a database,minilm_semantic_reranker_metadata_tinybert,pk_10546,7,0.8540230936720467,-0.15310728549957275,0.0,-0.15310728549957275,0.8805067834540062,0.703948851574276
optimize indexing strategy for a database,minilm_semantic_reranker_metadata_tinybert,pk_00632,8,0.8204091248731369,0.10150957107543945,0.0,0.10150957107543945,0.8387117714725073,0.7166941274767046
optimize indexing strategy for a database,minilm_semantic_reranker_metadata_tinybert,pk_00192,9,0.812439469056231,0.029259204864501953,0.0,0.029259204864501953,0.8282890494669257,0.7226251800622941
optimize indexing strategy for a database,minilm_semantic_reranker_metadata_tinybert,pk_14539,10,0.7918667680267687,-0.013490080833435059,0.0,-0.013490080833435059,0.8308413810807136,0.5710106273877479
optimize indexing strategy for a database,minilm_hybrid,pk_01470,1,0.8941336206562326,0.9702881872912239,0.7164396318412529,0.8941336206562326,,
optimize indexing strategy for a database,minilm_hybrid,pk_02421,2,0.800472445959616,1.0,0.33490815319872025,0.800472445959616,,
optimize indexing strategy for a database,minilm_hybrid,pk_17007,3,0.7957323696692018,0.9522092912338568,0.4306195526850068,0.7957323696692018,,
optimize indexing strategy for a database,minilm_hybrid,pk_04903,4,0.7422027315563886,0.631718187937698,1.0,0.7422027315563886,,
optimize indexing strategy for a database,minilm_hybrid,pk_08627,5,0.7252581424056117,0.8235944048799299,0.49580686329886947,0.7252581424056117,,
optimize indexing strategy for a database,minilm_hybrid,pk_14283,6,0.5492137770908413,0.5788874678514774,0.4799751653160239,0.5492137770908413,,
optimize indexing strategy for a database,minilm_hybrid,pk_06165,7,0.48499879520741196,0.6928554217248742,0.0,0.48499879520741196,,
optimize indexing strategy for a database,minilm_hybrid,pk_19071,8,0.4472095736143832,0.5221245579224946,0.2724079435621232,0.4472095736143832,,
optimize indexing strategy for a database,minilm_hybrid,pk_17577,9,0.4268002446491609,0.42074928605302264,0.44091914804015025,0.4268002446491609,,
optimize indexing strategy for a database,minilm_hybrid,pk_12748,10,0.42343869352184843,0.4571016985089053,0.34489168188538244,0.42343869352184843,,
optimize indexing strategy for a database,minilm_hybrid_reranker_minilm,pk_01470,1,1.0,0.9702881872912239,0.7164396318412529,0.8941336206562326,1.0,
optimize indexing strategy for a database,minilm_hybrid_reranker_minilm,pk_00948,2,0.9163708312347377,0.2727740835325875,0.5541213679167624,0.35717826884783993,0.9163708312347377,
optimize indexing strategy for a database,minilm_hybrid_reranker_minilm,pk_12929,3,0.9080469526744848,0.2038396039057884,0.48324086784938236,0.28765998308886653,0.9080469526744848,
optimize indexing strategy for a database,minilm_hybrid_reranker_minilm,pk_16356,4,0.8940376321960932,-0.02744576285974813,0.0,-0.01921203400182369,0.8940376321960932,
optimize indexing strategy for a database,minilm_hybrid_reranker_minilm,pk_04518,5,0.8937867138490903,-0.2623455073894699,0.5053773720109552,-0.03202864356934235,0.8937867138490903,
optimize indexing strategy for a database,minilm_hybrid_reranker_minilm,pk_08886,6,0.8931311108938458,0.20296030875239998,0.0,0.14207221612667997,0.8931311108938458,
optimize indexing strategy for a database,minilm_hybrid_reranker_minilm,pk_04903,7,0.8904563033093776,0.631718187937698,1.0,0.7422027315563886,0.8904563033093776,
optimize indexing strategy for a database,minilm_hybrid_reranker_minilm,pk_12639,8,0.8740181035208076,-0.344143012722881,0.38064593707304795,-0.1267063277841023,0.8740181035208076,
optimize indexing strategy for a database,minilm_hybrid_reranker_minilm,pk_08761,9,0.8726448303656934,0.2482055823714206,0.34806015012076935,0.2781619526962252,0.8726448303656934,
optimize indexing strategy for a database,minilm_hybrid_reranker_minilm,pk_08627,10,0.8693350746114901,0.8235944048799299,0.49580686329886947,0.7252581424056117,0.8693350746114901,
optimize indexing strategy for a database,minilm_hybrid_reranker_tinybert,pk_01470,1,1.0,0.9702881872912239,0.7164396318412529,0.8941336206562326,1.0,
optimize indexing strategy for a database,minilm_hybrid_reranker_tinybert,pk_00948,2,0.9654419995691484,0.2727740835325875,0.5541213679167624,0.35717826884783993,0.9654419995691484,
optimize indexing strategy for a database,minilm_hybrid_reranker_tinybert,pk_05167,3,0.9589032817179488,0.19848584922506746,0.3435895514315308,0.24201695988700644,0.9589032817179488,
optimize indexing strategy for a database,minilm_hybrid_reranker_tinybert,pk_08761,4,0.9368336362001506,0.2482055823714206,0.34806015012076935,0.2781619526962252,0.9368336362001506,
optimize indexing strategy for a database,minilm_hybrid_reranker_tinybert,pk_17577,5,0.9250225786185033,0.42074928605302264,0.44091914804015025,0.4268002446491609,0.9250225786185033,
optimize indexing strategy for a database,minilm_hybrid_reranker_tinybert,pk_04518,6,0.9172478495993399,-0.2623455073894699,0.5053773720109552,-0.03202864356934235,0.9172478495993399,
optimize indexing strategy for a database,minilm_hybrid_reranker_tinybert,pk_10546,7,0.894515355542188,-0.5806318176454872,0.2776238469314457,-0.32315511827240734,0.894515355542188,
optimize indexing strategy for a database,minilm_hybrid_reranker_tinybert,pk_12929,8,0.8927713237572399,0.2038396039057884,0.48324086784938236,0.28765998308886653,0.8927713237572399,
optimize indexing strategy for a database,minilm_hybrid_reranker_tinybert,pk_09503,9,0.8648239314009448,0.2740399068896505,0.4620470137885029,0.33044203895930624,0.8648239314009448,
optimize indexing strategy for a database,minilm_hybrid_reranker_tinybert,pk_00632,10,0.8576201065363043,0.38495677439275516,0.0,0.2694697420749286,0.8576201065363043,
optimize indexing strategy for a database,minilm_hybrid_reranker_metadata_minilm,pk_01470,1,0.9281542262652511,0.9702881872912239,0.7164396318412529,0.8941336206562326,1.0,0.5210281751016741
optimize indexing strategy for a database,minilm_hybrid_reranker_metadata_minilm,pk_04903,2,0.9068837685927884,0.631718187937698,1.0,0.7422027315563886,0.8904563033093776,0.9999727385321164
optimize indexing strategy for a database,minilm_hybrid_reranker_metadata_minilm,pk_08761,3,0.8917481058108394,0.2482055823714206,0.34806015012076935,0.2781619526962252,0.8726448303656934,1.0
optimize indexing strategy for a database,minilm_hybrid_reranker_metadata_minilm,pk_04518,4,0.8745568705034686,-0.2623455073894699,0.5053773720109552,-0.03202864356934235,0.8937867138490903,0.7655877582116132
optimize indexing strategy for a database,minilm_hybrid_reranker_metadata_minilm,pk_08627,5,0.8537031369569444,0.8235944048799299,0.49580686329886947,0.7252581424056117,0.8693350746114901,0.7651221569145192
optimize indexing strategy for a database,minilm_hybrid_reranker_metadata_minilm,pk_05167,6,0.8510697618865701,0.19848584922506746,0.3435895514315308,0.24201695988700644,0.8682384418276743,0.7537805755536463
optimize indexing strategy for a database,minilm_hybrid_reranker_metadata_minilm,pk_00948,7,0.8508609652622757,0.2727740835325875,0.5541213679167624,0.35717826884783993,0.9163708312347377,0.47963839141832443
optimize indexing strategy for a database,minilm_hybrid_reranker_metadata_minilm,pk_16356,8,0.8425231770219224,-0.02744576285974813,0.0,-0.01921203400182369,0.8940376321960932,0.550607931034954
optimize indexing strategy for a database,minilm_hybrid_reranker_metadata_minilm,pk_10546,9,0.8416913198675787,-0.5806318176454872,0.2776238469314457,-0.32315511827240734,0.8643977834920112,0.7130213593291282
optimize indexing strategy for a database,minilm_hybrid_reranker_metadata_minilm,pk_08349,10,0.833380046755115,0.05553347899343535,0.351839069478845,0.14442515613905826,0.8555260000922392,0.707886311178078
optimize indexing strategy for a database,minilm_hybrid_reranker_metadata_tinybert,pk_08761,1,0.946308590770128,0.2482055823714206,0.34806015012076935,0.2781619526962252,0.9368336362001506,1.0
optimize indexing strategy for a database,minilm_hybrid_reranker_metadata_tinybert,pk_01470,2,0.9281542262652511,0.9702881872912239,0.7164396318412529,0.8941336206562326,1.0,0.5210281751016741
optimize indexing strategy for a database,minilm_hybrid_reranker_metadata_tinybert,pk_05167,3,0.9281348757933034,0.19848584922506746,0.3435895514315308,0.24201695988700644,0.9589032817179488,0.7537805755536463
optimize indexing strategy for a database,minilm_hybrid_reranker_metadata_tinybert,pk_17577,4,0.8986805759088969,0.42074928605302264,0.44091914804015025,0.4268002446491609,0.9250225786185033,0.7494092272211275
optimize indexing strategy for a database,minilm_hybrid_reranker_metadata_tinybert,pk_04518,5,0.8944988358911808,-0.2623455073894699,0.5053773720109552,-0.03202864356934235,0.9172478495993399,0.7655877582116132
optimize indexing strategy for a database,minilm_hybrid_reranker_metadata_tinybert,pk_00948,6,0.8925714583465248,0.2727740835325875,0.5541213679167624,0.35717826884783993,0.9654419995691484,0.47963839141832443
optimize indexing strategy for a database,minilm_hybrid_reranker_metadata_tinybert,pk_10546,7,0.867291256110229,-0.5806318176454872,0.2776238469314457,-0.32315511827240734,0.894515355542188,0.7130213593291282
optimize indexing strategy for a database,minilm_hybrid_reranker_metadata_tinybert,pk_00632,8,0.8377834988624243,0.38495677439275516,0.0,0.2694697420749286,0.8576201065363043,0.7253760553771047
optimize indexing strategy for a database,minilm_hybrid_reranker_metadata_tinybert,pk_00192,9,0.8308251851090411,0.11096026716106111,0.3847796860566665,0.19310609282974273,0.8484192735784083,0.7311253504492938
optimize indexing strategy for a database,minilm_hybrid_reranker_metadata_tinybert,pk_14539,10,0.8106950845339022,-0.051158703055471544,0.3145051727202833,0.05854045967725491,0.8506723871910561,0.584157036143363
optimize indexing strategy for a database,bge_small_semantic,pk_12929,1,0.5790939927101135,0.5790939927101135,0.0,0.5790939927101135,,
optimize indexing strategy for a database,bge_small_semantic,pk_02421,2,0.568431943655014,0.568431943655014,0.0,0.568431943655014,,
optimize indexing strategy for a database,bge_small_semantic,pk_17201,3,0.5554201602935791,0.5554201602935791,0.0,0.5554201602935791,,
optimize indexing strategy for a database,bge_small_semantic,pk_16356,4,0.5460462868213654,0.5460462868213654,0.0,0.5460462868213654,,
optimize indexing strategy for a database,bge_small_semantic,pk_00948,5,0.5357969701290131,0.5357969701290131,0.0,0.5357969701290131,,
optimize indexing strategy for a database,bge_small_semantic,pk_10546,6,0.5230450630187988,0.5230450630187988,0.0,0.5230450630187988,,
optimize indexing strategy for a database,bge_small_semantic,pk_06165,7,0.5128909349441528,0.5128909349441528,0.0,0.5128909349441528,,
optimize indexing strategy for a database,bge_small_semantic,pk_08886,8,0.5121476054191589,0.5121476054191589,0.0,0.5121476054191589,,
optimize indexing strategy for a database,bge_small_semantic,pk_01470,9,0.5064204037189484,0.5064204037189484,0.0,0.5064204037189484,,
optimize indexing strategy for a database,bge_small_semantic,pk_08627,10,0.5055175423622131,0.5055175423622131,0.0,0.5055175423622131,,
optimize indexing strategy for a database,bge_small_semantic_reranker_minilm,pk_01470,1,1.0,0.5064204037189484,0.0,0.5064204037189484,1.0,
optimize indexing strategy for a database,bge_small_semantic_reranker_minilm,pk_00948,2,0.913608268269154,0.5357969701290131,0.0,0.5357969701290131,0.913608268269154,
optimize indexing strategy for a database,bge_small_semantic_reranker_minilm,pk_12929,3,0.9050093937675232,0.5790939927101135,0.0,0.5790939927101135,0.9050093937675232,
optimize indexing strategy for a database,bge_small_semantic_reranker_minilm,pk_16356,4,0.8905372921476978,0.5460462868213654,0.0,0.5460462868213654,0.8905372921476978,
optimize indexing strategy for a database,bge_small_semantic_reranker_minilm,pk_04518,5,0.8902781115850178,0.4708043932914734,0.0,0.4708043932914734,0.8902781115850178,
optimize indexing strategy for a database,bge_small_semantic_reranker_minilm,pk_08886,6,0.889600824998781,0.5121476054191589,0.0,0.5121476054191589,0.889600824998781,
optimize indexing strategy for a database,bge_small_semantic_reranker_minilm,pk_04903,7,0.8868376583458653,0.4868602752685547,0.0,0.4868602752685547,0.8868376583458653,
optimize indexing strategy for a database,bge_small_semantic_reranker_minilm,pk_12639,8,0.8698565220088912,0.48098480701446533,0.0,0.48098480701446533,0.8698565220088912,
optimize indexing strategy for a database,bge_small_semantic_reranker_minilm,pk_08761,9,0.8684378047029022,0.4571666717529297,0.0,0.4571666717529297,0.8684378047029022,
optimize indexing strategy for a database,bge_small_semantic_reranker_minilm,pk_08627,10,0.8650187151271078,0.5055175423622131,0.0,0.5055175423622131,0.8650187151271078,
optimize indexing strategy for a database,bge_small_semantic_reranker_tinybert,pk_01470,1,1.0,0.5064204037189484,0.0,0.5064204037189484,1.0,
optimize indexing strategy for a database,bge_small_semantic_reranker_tinybert,pk_00948,2,0.9657091761799254,0.5357969701290131,0.0,0.5357969701290131,0.9657091761799254,
optimize indexing strategy for a database,bge_small_semantic_reranker_tinybert,pk_05167,3,0.9592208181502843,0.42694586515426636,0.0,0.42694586515426636,0.9592208181502843,
optimize indexing strategy for a database,bge_small_semantic_reranker_tinybert,pk_08761,4,0.9373216951655149,0.4571666717529297,0.0,0.4571666717529297,0.9373216951655149,
optimize indexing strategy for a database,bge_small_semantic_reranker_tinybert,pk_17577,5,0.9256018964785766,0.4926978349685669,0.0,0.4926978349685669,0.9256018964785766,
optimize indexing strategy for a database,bge_small_semantic_reranker_tinybert,pk_04518,6,0.9178871584014783,0.4708043932914734,0.0,0.4708043932914734,0.9178871584014783,
optimize indexing strategy for a database,bge_small_semantic_reranker_tinybert,pk_10546,7,0.8953303894200131,0.5230450630187988,0.0,0.5230450630187988,0.8953303894200131,
optimize indexing strategy for a database,bge_small_semantic_reranker_tinybert,pk_12929,8,0.8935998330086233,0.5790939927101135,0.0,0.5790939927101135,0.8935998330086233,
optimize indexing strategy for a database,bge_small_semantic_reranker_tinybert,pk_09503,9,0.8658683779736732,0.47299933433532715,0.0,0.47299933433532715,0.8658683779736732,
optimize indexing strategy for a database,bge_small_semantic_reranker_tinybert,pk_00632,10,0.8587202139243559,0.4658545255661011,0.0,0.4658545255661011,0.8587202139243559,
optimize indexing strategy for a database,bge_small_semantic_reranker_metadata_minilm,pk_01470,1,0.9211035449626019,0.5064204037189484,0.0,0.5064204037189484,1.0,0.4740236330840132
optimize indexing strategy for a database,bge_small_semantic_reranker_metadata_minilm,pk_04903,2,0.9038075190726993,0.4868602752685547,0.0,0.4868602752685547,0.8868376583458653,0.9999700631914262
optimize indexing strategy for a database,bge_small_semantic_reranker_metadata_minilm,pk_08761,3,0.8881721339974669,0.4571666717529297,0.0,0.4571666717529297,0.8684378047029022,1.0
optimize indexing strategy for a database,bge_small_semantic_reranker_metadata_minilm,pk_04518,4,0.8681239046482873,0.4708043932914734,0.0,0.4708043932914734,0.8902781115850178,0.7425833986734811
optimize indexing strategy for a database,bge_small_semantic_reranker_metadata_minilm,pk_08627,5,0.8465767236033971,0.5055175423622131,0.0,0.5055175423622131,0.8650187151271078,0.7420721049690366
optimize indexing strategy for a database,bge_small_semantic_reranker_metadata_minilm,pk_05167,6,0.843745603280559,0.42694586515426636,0.0,0.42694586515426636,0.863885856391276,0.7296175023198299
optimize indexing strategy for a database,bge_small_semantic_reranker_metadata_minilm,pk_00948,7,0.8408528291542079,0.5357969701290131,0.0,0.5357969701290131,0.913608268269154,0.4285720075028466
optimize indexing strategy for a database,bge_small_semantic_reranker_metadata_minilm,pk_10546,8,0.8336593263940826,0.5230450630187988,0.0,0.5230450630187988,0.8599183265024083,0.684858325780237
optimize indexing strategy for a database,bge_small_semantic_reranker_metadata_minilm,pk_16356,9,0.832932634027418,0.5460462868213654,0.0,0.5460462868213654,0.8905372921476978,0.506506238012499
optimize indexing strategy for a database,bge_small_semantic_reranker_metadata_minilm,pk_05024,10,0.8250882057137588,0.4467669725418091,0.0,0.4467669725418091,0.8379146035386358,0.752405284706123
optimize indexing strategy for a database,bge_small_semantic_reranker_metadata_tinybert,pk_08761,1,0.9467234408906876,0.4571666717529297,0.0,0.4571666717529297,0.9373216951655149,1.0
optimize indexing strategy for a database,bge_small_semantic_reranker_metadata_tinybert,pk_05167,2,0.924780320775716,0.42694586515426636,0.0,0.42694586515426636,0.9592208181502843,0.7296175023198299
optimize indexing strategy for a database,bge_small_semantic_reranker_metadata_tinybert,pk_01470,3,0.9211035449626019,0.5064204037189484,0.0,0.5064204037189484,1.0,0.4740236330840132
optimize indexing strategy for a database,bge_small_semantic_reranker_metadata_tinybert,pk_17577,4,0.8954841868857363,0.4926978349685669,0.0,0.4926978349685669,0.9256018964785766,0.7248171658596414
optimize indexing strategy for a database,bge_small_semantic_reranker_metadata_tinybert,pk_04518,5,0.8915915944422788,0.4708043932914734,0.0,0.4708043932914734,0.9178871584014783,0.7425833986734811
optimize indexing strategy for a database,bge_small_semantic_reranker_metadata_tinybert,pk_00948,6,0.8851386008783635,0.5357969701290131,0.0,0.5357969701290131,0.9657091761799254,0.4285720075028466
optimize indexing strategy for a database,bge_small_semantic_reranker_metadata_tinybert,pk_10546,7,0.8637595798740466,0.5230450630187988,0.0,0.5230450630187988,0.8953303894200131,0.684858325780237
optimize indexing strategy for a database,bge_small_semantic_reranker_metadata_tinybert,pk_00632,8,0.8346760018083439,0.4658545255661011,0.0,0.4658545255661011,0.8587202139243559,0.6984254664842762
optimize indexing strategy for a database,bge_small_semantic_reranker_metadata_tinybert,pk_00192,9,0.8278627474742258,0.4921581745147705,0.0,0.4921581745147705,0.8495904717930294,0.7047389763343388
optimize indexing strategy for a database,bge_small_semantic_reranker_metadata_tinybert,pk_04903,10,0.8112049534609884,0.4868602752685547,0.0,0.4868602752685547,0.7778934635085583,0.9999700631914262
optimize indexing strategy for a database,bge_small_hybrid,pk_04903,1,0.8885092868828792,0.8407275526898277,1.0,0.8885092868828792,,
optimize indexing strategy for a database,bge_small_hybrid,pk_12929,2,0.8449722603548147,1.0,0.48324086784938236,0.8449722603548147,,
optimize indexing strategy for a database,bge_small_hybrid,pk_01470,3,0.8270851618463242,0.8745046747056405,0.7164396318412529,0.8270851618463242,,
optimize indexing strategy for a database,bge_small_hybrid,pk_00948,4,0.813899628801917,0.9252331691812691,0.5541213679167624,0.813899628801917,,
optimize indexing strategy for a database,bge_small_hybrid,pk_02421,5,0.787584323422476,0.9815883963755142,0.33490815319872025,0.787584323422476,,
optimize indexing strategy for a database,bge_small_hybrid,pk_08627,6,0.7598039662242742,0.8729455817637333,0.49580686329886947,0.7598039662242742,,
optimize indexing strategy for a database,bge_small_hybrid,pk_17577,7,0.7278413845664978,0.8508080573635041,0.44091914804015025,0.7278413845664978,,
optimize indexing strategy for a database,bge_small_hybrid,pk_04518,8,0.7207143928497065,0.8130016874948858,0.5053773720109552,0.7207143928497065,,
optimize indexing strategy for a database,bge_small_hybrid,pk_10546,9,0.715536061376318,0.9032127247098347,0.2776238469314457,0.715536061376318,,
optimize indexing strategy for a database,bge_small_hybrid,pk_09503,10,0.7103684966924287,0.81679198936554,0.4620470137885029,0.7103684966924287,,
optimize indexing strategy for a database,bge_small_hybrid_reranker_minilm,pk_01470,1,1.0,0.8745046747056405,0.7164396318412529,0.8270851618463242,1.0,
optimize indexing strategy for a database,bge_small_hybrid_reranker_minilm,pk_00948,2,0.9163708526545401,0.9252331691812691,0.5541213679167624,0.813899628801917,0.9163708526545401,
optimize indexing strategy for a database,bge_small_hybrid_reranker_minilm,pk_12929,3,0.9080469479440475,1.0,0.48324086784938236,0.8449722603548147,0.9080469479440475,
optimize indexing strategy for a database,bge_small_hybrid_reranker_minilm,pk_16356,4,0.8940376267449597,0.942932051955698,0.0,0.6600524363689886,0.8940376267449597,
optimize indexing strategy for a database,bge_small_hybrid_reranker_minilm,pk_04518,5,0.8937867083850486,0.8130016874948858,0.5053773720109552,0.7207143928497065,0.8937867083850486,
optimize indexing strategy for a database,bge_small_hybrid_reranker_minilm,pk_08886,6,0.8931311053960771,0.8843946092798324,0.0,0.6190762264958827,0.8931311053960771,
optimize indexing strategy for a database,bge_small_hybrid_reranker_minilm,pk_04903,7,0.8904562976740061,0.8407275526898277,1.0,0.8885092868828792,0.8904562976740061,
optimize indexing strategy for a database,bge_small_hybrid_reranker_minilm,pk_12639,8,0.8740180970397884,0.8305815861834362,0.38064593707304795,0.6956008914503197,0.8740180970397884,
optimize indexing strategy for a database,bge_small_hybrid_reranker_minilm,pk_08761,9,0.8726448238140275,0.7894515873207841,0.34806015012076935,0.6570341561607796,0.8726448238140275,
optimize indexing strategy for a database,bge_small_hybrid_reranker_minilm,pk_08627,10,0.869335067889557,0.8729455817637333,0.49580686329886947,0.7598039662242742,0.869335067889557,
optimize indexing strategy for a database,bge_small_hybrid_reranker_tinybert,pk_01470,1,1.0,0.8745046747056405,0.7164396318412529,0.8270851618463242,1.0,
optimize indexing strategy for a database,bge_small_hybrid_reranker_tinybert,pk_00948,2,0.9657091743282011,0.9252331691812691,0.5541213679167624,0.813899628801917,0.9657091743282011,
optimize indexing strategy for a database,bge_small_hybrid_reranker_tinybert,pk_05167,3,0.959220815948185,0.737265229010914,0.3435895514315308,0.619162525737099,0.959220815948185,
optimize indexing strategy for a database,bge_small_hybrid_reranker_tinybert,pk_08761,4,0.9373216917808502,0.7894515873207841,0.34806015012076935,0.6570341561607796,0.9373216917808502,
optimize indexing strategy for a database,bge_small_hybrid_reranker_tinybert,pk_17577,5,0.9256018924610361,0.8508080573635041,0.44091914804015025,0.7278413845664978,0.9256018924610361,
optimize indexing strategy for a database,bge_small_hybrid_reranker_tinybert,pk_04518,6,0.9178872349682036,0.8130016874948858,0.5053773720109552,0.7207143928497065,0.9178872349682036,
optimize indexing strategy for a database,bge_small_hybrid_reranker_tinybert,pk_10546,7,0.8953303837677936,0.9032127247098347,0.2776238469314457,0.715536061376318,0.8953303837677936,
optimize indexing strategy for a database,bge_small_hybrid_reranker_tinybert,pk_12929,8,0.893599827262953,1.0,0.48324086784938236,0.8449722603548147,0.893599827262953,
optimize indexing strategy for a database,bge_small_hybrid_reranker_tinybert,pk_09503,9,0.8658683707304882,0.81679198936554,0.4620470137885029,0.7103684966924287,0.8658683707304882,
optimize indexing strategy for a database,bge_small_hybrid_reranker_tinybert,pk_00632,10,0.8587202062951659,0.8044540807372896,0.0,0.5631178565161027,0.8587202062951659,
optimize indexing strategy for a database,bge_small_hybrid_reranker_metadata_minilm,pk_01470,1,0.9281542262652511,0.8745046747056405,0.7164396318412529,0.8270851618463242,1.0,0.5210281751016741
optimize indexing strategy for a database,bge_small_hybrid_reranker_metadata_minilm,pk_04903,2,0.9068837638027226,0.8407275526898277,1.0,0.8885092868828792,0.8904562976740061,0.9999727385321164
optimize indexing strategy for a database,bge_small_hybrid_reranker_metadata_minilm,pk_08761,3,0.8917481002419234,0.7894515873207841,0.34806015012076935,0.6570341561607796,0.8726448238140275,1.0
optimize indexing strategy for a database,bge_small_hybrid_reranker_metadata_minilm,pk_04518,4,0.8745568658590333,0.8130016874948858,0.5053773720109552,0.7207143928497065,0.8937867083850486,0.7655877582116132
optimize indexing strategy for a database,bge_small_hybrid_reranker_metadata_minilm,pk_08627,5,0.8537031312433013,0.8729455817637333,0.49580686329886947,0.7598039662242742,0.869335067889557,0.7651221569145192
optimize indexing strategy for a database,bge_small_hybrid_reranker_metadata_minilm,pk_05167,6,0.851069756124974,0.737265229010914,0.3435895514315308,0.619162525737099,0.868238435049326,0.7537805755536463
optimize indexing strategy for a database,bge_small_hybrid_reranker_metadata_minilm,pk_00948,7,0.8508609834691078,0.9252331691812691,0.5541213679167624,0.813899628801917,0.9163708526545401,0.47963839141832443
optimize indexing strategy for a database,bge_small_hybrid_reranker_metadata_minilm,pk_16356,8,0.8425231723884588,0.942932051955698,0.0,0.6600524363689886,0.8940376267449597,0.550607931034954
optimize indexing strategy for a database,bge_small_hybrid_reranker_metadata_minilm,pk_10546,9,0.8416913139380405,0.9032127247098347,0.2776238469314457,0.715536061376318,0.8643977765160838,0.7130213593291282
optimize indexing strategy for a database,bge_small_hybrid_reranker_metadata_minilm,pk_08349,10,0.8333800404376364,0.8067473034305191,0.351839069478845,0.6702748332450169,0.8555259926599114,0.707886311178078
optimize indexing strategy for a database,bge_small_hybrid_reranker_metadata_tinybert,pk_08761,1,0.9467234380137227,0.7894515873207841,0.34806015012076935,0.6570341561607796,0.9373216917808502,1.0
optimize indexing strategy for a database,bge_small_hybrid_reranker_metadata_tinybert,pk_05167,2,0.9284047798890042,0.737265229010914,0.3435895514315308,0.619162525737099,0.959220815948185,0.7537805755536463
optimize indexing strategy for a database,bge_small_hybrid_reranker_metadata_tinybert,pk_01470,3,0.9281542262652511,0.8745046747056405,0.7164396318412529,0.8270851618463242,1.0,0.5210281751016741
optimize indexing strategy for a database,bge_small_hybrid_reranker_metadata_tinybert,pk_17577,4,0.8991729926750497,0.8508080573635041,0.44091914804015025,0.7278413845664978,0.9256018924610361,0.7494092272211275
optimize indexing strategy for a database,bge_small_hybrid_reranker_metadata_tinybert,pk_04518,5,0.895042313454715,0.8130016874948858,0.5053773720109552,0.7207143928497065,0.9178872349682036,0.7655877582116132
optimize indexing strategy for a database,bge_small_hybrid_reranker_metadata_tinybert,pk_00948,6,0.8927985568917196,0.9252331691812691,0.5541213679167624,0.813899628801917,0.9657091743282011,0.47963839141832443
optimize indexing strategy for a database,bge_small_hybrid_reranker_metadata_tinybert,pk_10546,7,0.8679840301019938,0.9032127247098347,0.2776238469314457,0.715536061376318,0.8953303837677936,0.7130213593291282
optimize indexing strategy for a database,bge_small_hybrid_reranker_metadata_tinybert,pk_00632,8,0.8387185836574567,0.8044540807372896,0.0,0.5631178565161027,0.8587202062951659,0.7253760553771047
optimize indexing strategy for a database,bge_small_hybrid_reranker_metadata_tinybert,pk_00192,9,0.8318206966875978,0.8498761525940023,0.3847796860566665,0.7103472126328015,0.849590463670828,0.7311253504492938
optimize indexing strategy for a database,bge_small_hybrid_reranker_metadata_tinybert,pk_14539,10,0.8116757987121419,0.7661607612922948,0.3145051727202833,0.6306640847206914,0.8518261685772206,0.584157036143363
optimize indexing strategy for a database,bge_small_keyword,pk_04903,1,0.4559666956574301,0.0,0.4559666956574301,0.4559666956574301,,
optimize indexing strategy for a database,bge_small_keyword,pk_01470,2,0.3266726115686818,0.0,0.3266726115686818,0.3266726115686818,,
optimize indexing strategy for a database,bge_small_keyword,pk_00948,3,0.2526608891221812,0.0,0.2526608891221812,0.2526608891221812,,
optimize indexing strategy for a database,bge_small_keyword,pk_11762,4,0.25174196430538925,0.0,0.25174196430538925,0.25174196430538925,,
optimize indexing strategy for a database,bge_small_keyword,pk_04518,5,0.23043525037587106,0.0,0.23043525037587106,0.23043525037587106,,
optimize indexing strategy for a database,bge_small_keyword,pk_08627,6,0.22607141714266066,0.0,0.22607141714266066,0.22607141714266066,,
optimize indexing strategy for a database,bge_small_keyword,pk_03968,7,0.22045831563293874,0.0,0.22045831563293874,0.22045831563293874,,
optimize indexing strategy for a database,bge_small_keyword,pk_12929,8,0.22034174171991172,0.0,0.22034174171991172,0.22034174171991172,,
optimize indexing strategy for a database,bge_small_keyword,pk_14283,9,0.21885269012677616,0.0,0.21885269012677616,0.21885269012677616,,
optimize indexing strategy for a database,bge_small_keyword,pk_09503,10,0.2106780501155267,0.0,0.2106780501155267,0.2106780501155267,,
